Player,Team,GP,Goals,Assists,Total Points,IPP,ixG,PIM,Giveaways,Takeaways,TOI,WAR,p/60
Artemi Panarin,NYR,69,21,38,59,78.67,10.93,14,63,46,1421.7,4.4,2.489977
Leon Draisaitl,EDM,71,22,34,56,81.16,12.98,12,65,48,1605.4,2.7,2.09293628
Nathan MacKinnon,COL,69,18,34,52,75.36,13.92,10,40,31,1464.4,3.5,2.1305654
Patrick Kane,CHI,70,19,31,50,84.75,13.5,18,29,39,1493.8,1,2.008301
Connor McDavid,EDM,64,21,29,50,80.65,14.46,24,59,49,1399.4,2.8,2.143776
Nikita Kucherov,T.B,68,20,28,48,81.36,11.95,28,42,23,1282.7,2.5,2.245264
David Pastrnak,BOS,70,25,23,48,78.69,14.19,32,60,44,1327.2,3.2,2.169982
Evgeni Malkin,PIT,55,16,30,46,85.19,10.27,32,48,57,1073.7,1.7,2.57055044
Brad Marchand,BOS,70,21,25,46,75.41,9.86,34,55,31,1361.7,3.7,2.02687836
Nikolaj Ehlers,WPG,71,18,28,46,93.88,11.15,17,34,29,1173.2,2,2.35254025
Auston Matthews,TOR,70,30,15,45,71.43,17.04,6,42,74,1467.9,2.8,1.83936238
Brayden Point,T.B,66,17,27,44,66.67,11.14,9,13,26,1247.5,3.8,2.1162324
Mark Scheifele,WPG,71,13,29,42,62.69,11.99,26,39,47,1548.1,2.2,1.6278019
J.T. Miller,VAN,69,18,24,42,71.19,11.57,30,32,43,1387,1.9,1.81687093
Jonathan Toews,CHI,70,11,30,41,74.55,9.85,24,27,45,1384.4,2,1.77694309
Jonathan Huberdeau,FLA,69,15,26,41,66.13,9.33,20,56,36,1295.2,2.4,1.8993206
Phillip Danault,MTL,71,11,30,41,69.49,11.12,26,39,26,1337.9,1.9,1.83870244
Max Pacioretty,VGK,71,20,20,40,71.43,17.56,25,44,24,1271,3,1.88827693
Kyle Connor,WPG,71,21,19,40,76.92,13.44,16,31,32,1497.2,0,1.6029923
Elias Pettersson,VAN,68,18,22,40,64.52,11.13,10,23,30,1260.1,4.2,1.90461075
Tomas Tatar,MTL,68,10,29,39,73.58,9.68,32,23,28,1107.8,1.5,2.11229444
Sean Couturier,PHI,69,15,24,39,70.91,12.82,20,27,28,1368.4,2.6,1.71002626
Mathew Barzal,NYI,68,13,26,39,79.59,11.83,22,80,66,1362.9,1.4,1.716927
Steven Stamkos,T.B,57,14,24,38,77.55,9.28,16,23,21,1050,2.4,2.17142868
Roman Josi,NSH,69,10,28,38,51.35,7.43,33,48,29,1777.8,3.2,1.28248394
Mark Stone,VGK,65,13,25,38,76,13.34,18,31,60,1260.7,2.8,1.80851912
William Nylander,TOR,68,19,19,38,79.17,14.79,10,34,37,1238.2,1.3,1.84138274
Jakub Vrana,WSH,69,22,16,38,77.55,12.66,14,37,30,1026.9,1.8,2.22027445
Alex Ovechkin,WSH,68,27,10,37,77.08,15.31,22,35,18,1404.1,0.6,1.581084
Reilly Smith,VGK,71,17,20,37,77.08,11.74,12,30,46,1271.7,1.7,1.74569476
Mika Zibanejad,NYR,57,19,18,37,80.43,10.36,10,28,27,1232.8,1.5,1.80077863
Sebastian Aho,CAR,68,21,16,37,69.81,12.62,14,47,51,1320.5,1.2,1.68118131
Jakub Voracek,PHI,69,7,29,36,76.6,6.77,21,26,26,1176,1.8,1.83673465
John Carlson,WSH,69,11,25,36,56.25,5.39,18,58,31,1699.7,1.4,1.27081251
Ryan O'Reilly,STL,71,7,29,36,69.23,7.57,6,15,57,1460.8,2.7,1.47864175
Brendan Gallagher,MTL,59,19,17,36,67.92,18.48,14,14,34,997.7,2.1,2.16497946
Aleksander Barkov,FLA,66,13,23,36,75,9.72,12,41,40,1321,0.4,1.63512492
Timo Meier,S.J,70,17,19,36,90,15.68,22,28,31,1209.3,0.6,1.78615725
Connor Brown,OTT,71,13,22,35,83.33,11.74,22,29,36,1428.2,0.3,1.47038233
Dominik Kubalik,CHI,68,23,12,35,71.43,11.26,14,23,22,977.5,1.8,2.1483376
Sam Reinhart,BUF,69,16,19,35,72.92,9.94,4,24,20,1423.2,1,1.47554815
Jack Eichel,BUF,68,17,18,35,63.64,11.19,12,48,37,1501.7,2.9,1.39841521
Patrik Laine,WPG,68,15,20,35,66.04,9.93,12,47,28,1319.8,1.4,1.59115016
Ryan Nugent-Hopkins,EDM,65,15,19,34,75.56,10.18,16,25,41,1330.3,2.4,1.53348863
Kevin Fiala,MIN,64,13,21,34,82.93,8.45,34,30,25,985.6,1.7,2.06980515
Dylan Larkin,DET,71,12,22,34,68,11.46,27,62,34,1507.8,2,1.35296452
Robert Thomas,STL,66,9,25,34,77.27,6.96,8,23,41,961.1,1.9,2.122568
Andrei Svechnikov,CAR,68,13,21,34,62.96,12.83,36,52,26,1138.2,2.5,1.79230368
Nick Bonino,NSH,67,16,17,33,70.21,9.23,12,16,29,1106.8,2.2,1.788941
Evgeny Kuznetsov,WSH,63,13,20,33,73.33,7.49,22,40,20,1124,0.2,1.7615658
Brock Nelson,NYI,68,15,18,33,75,11.4,22,45,20,1282.5,2.1,1.5438596
Bryan Rust,PIT,55,16,17,33,61.11,10.94,10,31,11,1087.1,2.8,1.82135963
Ryan Strome,NYR,70,10,23,33,57.89,10.88,34,42,22,1370.5,1.2,1.44472826
Teuvo Teravainen,CAR,68,8,25,33,66,8.56,4,33,31,1304.8,2.2,1.51747394
Travis Konecny,PHI,66,18,15,33,80.49,10.29,14,33,27,1109,2.1,1.78539228
Pierre-Luc Dubois,CBJ,70,15,18,33,78.57,11.01,28,39,27,1255.2,1.1,1.57743788
Zack Kassian,EDM,59,15,17,32,64,10.04,30,44,26,924,0.8,2.077922
Jaden Schwartz,STL,71,9,23,32,82.05,9.92,12,25,44,1289.3,2.2,1.48918009
Pavel Buchnevich,NYR,68,11,21,32,59.26,10.12,18,53,35,1151.1,2.4,1.66796982
Tyler Bertuzzi,DET,71,16,16,32,71.11,11.52,16,47,20,1369.2,1.1,1.40227878
Mitchell Marner,TOR,59,7,25,32,76.19,8.38,12,47,43,N/A,N/A,N/A
Matthew Tkachuk,CGY,69,12,20,32,68.09,12.51,28,67,37,1263.2,2.2,1.51994944
Brady Tkachuk,OTT,71,17,15,32,69.57,21.91,55,30,33,1344,0.9,1.42857146
Blake Wheeler,WPG,71,14,17,31,75.61,10.71,14,38,30,1371.7,1.1,1.35598171
Adam Henrique,ANA,71,18,13,31,68.89,12.6,12,26,21,1197.6,1,1.55310619
Brayden Schenn,STL,71,14,17,31,73.81,7.27,36,29,24,1308.7,1.5,1.42125773
Chris Kreider,NYR,63,14,17,31,60.78,9.42,21,46,19,1086.7,1.4,1.711604
Anders Lee,NYI,68,15,16,31,64.58,16.07,24,36,20,1244.2,0.6,1.49493659
Rocco Grimaldi,NSH,66,10,21,31,72.09,9.65,10,20,26,834.9,1,2.22781157
William Karlsson,VGK,63,11,20,31,72.09,11.52,14,28,39,1188.1,1.4,1.56552482
Aaron Ekblad,FLA,67,4,27,31,44.93,5.34,10,67,32,1537.9,2,1.20944142
Nick Schmaltz,ARI,70,9,22,31,75.61,6.67,12,23,47,1087.4,1.6,1.710502
Anze Kopitar,L.A,70,12,18,30,66.67,8.93,14,37,27,1472.8,2,1.22216177
James van Riemsdyk,PHI,66,15,15,30,75,11.07,6,10,16,N/A,N/A,N/A
Tyler Toffoli,"L.A, VAN",68,16,14,30,76.92,14.21,12,30,26,963.2,1.1,1.86877072
Taylor Hall,"ARI, N.J",65,9,21,30,75,12.81,20,34,35,670.6,0.7,2.68416357
Johnny Gaudreau,CGY,70,11,19,30,75,11.86,10,50,33,1315.3,0.5,1.368509
Filip Forsberg,NSH,63,12,18,30,76.92,10.86,12,36,49,1093.1,1.2,1.64669287
Andre Burakovsky,COL,58,16,14,30,73.17,5.63,12,28,22,881.2,1,2.042669
Tony DeAngelo,NYR,68,9,21,30,53.57,5.2,26,59,11,N/A,N/A,N/A
Eric Staal,MIN,66,13,16,29,61.7,8.69,12,36,20,1130.9,1.6,1.53859758
Alex Killorn,T.B,68,16,13,29,67.44,6.74,14,15,20,1218.9,1.6,1.42751658
Mikael Backlund,CGY,70,8,21,29,59.18,11.51,10,45,52,1255.7,1.2,1.38568139
John Tavares,TOR,63,13,16,29,64.44,13.58,16,42,30,1231.6,1.5,1.41279638
Nikita Gusev,N.J,66,8,21,29,78.38,7.54,4,34,20,969.8,1,1.79418445
Jake Guentzel,PIT,39,13,16,29,78.38,8.72,12,7,19,804.5,1.7,2.16283417
Elias Lindholm,CGY,70,17,12,29,69.05,7.99,14,25,28,1380.5,0.9,1.26041293
Andrew Mangiapane,CGY,68,15,14,29,64.44,11.48,14,27,38,931.7,2.1,1.867554
Anthony Cirelli,T.B,68,11,18,29,60.42,10.1,18,18,44,1255.3,2.8,1.38612282
Jordan Eberle,NYI,58,12,16,28,75.68,10.53,6,30,34,1033.1,1,1.62617373
Mike Hoffman,FLA,69,14,14,28,80,7,18,35,26,1161.8,-0.1,1.44603193
Matt Duchene,NSH,66,8,20,28,68.29,9.17,18,25,29,1114.1,1.8,1.50794363
Mats Zuccarello,MIN,65,11,17,28,71.79,6.49,10,13,29,1036.1,1.3,1.62146521
Ondrej Palat,T.B,69,11,17,28,54.9,10,12,30,33,1117.6,2,1.50322127
Jonathan Marchessault,VGK,66,13,15,28,71.79,13.56,16,40,35,1140.6,0.4,1.472909
Jaccob Slavin,CAR,68,5,23,28,43.08,4.5,8,35,63,1591,2.9,1.05593967
Zach Sanford,STL,58,14,14,28,68.29,8.83,22,16,17,796.5,1.8,2.109228
Dylan Strome,CHI,58,8,20,28,77.78,6.51,10,23,25,924.5,0.8,1.81719851
Cale Makar,COL,57,8,20,28,49.12,4.29,8,29,30,1197.6,2.8,1.40280569
Alex Iafallo,L.A,70,8,20,28,68.29,8.15,8,9,15,1324.9,1.4,1.26802015
Sidney Crosby,PIT,41,9,18,27,90,6.5,11,22,23,830.1,0.5,1.95157218
T.J. Oshie,WSH,69,13,14,27,56.25,9.19,20,38,35,1259.6,1.6,1.28612256
David Perron,STL,71,11,16,27,60,7.98,34,25,32,1300.5,0.8,1.24567473
Lars Eller,WSH,69,10,17,27,72.97,11.86,30,37,30,1174,0.3,1.37989783
Tyler Ennis,"EDM, OTT",70,11,16,27,75,13.32,12,16,25,132.4,-0.1,12.23565
Charlie Coyle,BOS,70,12,15,27,69.23,9.71,14,25,38,1175.2,1.8,1.37848878
Brett Connolly,FLA,69,15,12,27,67.5,7.37,18,18,26,1000.1,0.4,1.619838
Brandon Saad,CHI,58,16,11,27,77.14,11.65,12,17,25,971.4,0.2,1.66769612
Anthony Duclair,OTT,66,14,13,27,77.14,10.17,12,31,14,1073.2,0.2,1.50950432
Oliver Bjorkstrand,CBJ,49,18,9,27,72.97,10.47,10,24,28,879.1,2.4,1.84279382
Bo Horvat,VAN,69,6,21,27,75,10.97,19,21,24,1361.5,0.1,1.18986416
Max Domi,MTL,71,12,15,27,58.7,10.85,16,48,33,1213.9,2.1,1.33454156
Kasperi Kapanen,TOR,69,10,17,27,79.41,7.29,8,26,25,1089.5,-0.1,1.4869206
Warren Foegele,CAR,68,10,17,27,67.5,12.65,24,25,37,932.1,0.1,1.738011
Brock Boeser,VAN,57,10,17,27,57.45,10.13,12,17,17,1058.6,2.1,1.53032315
Conor Garland,ARI,68,16,11,27,72.97,9.43,14,23,26,962.4,1.7,1.68329167
Clayton Keller,ARI,70,14,13,27,84.38,11.42,24,27,32,1140.7,0.6,1.42018068
Dominik Kahun,"BUF, PIT",56,10,17,27,75,5.6,6,7,18,71.3,0.3,22.7208958
Ryan Suter,MIN,69,5,21,26,41.27,2.56,6,23,13,1700.2,1.9,0.9175391
Ryan Getzlaf,ANA,69,9,17,26,66.67,8.27,29,63,43,1291.3,-0.4,1.20808482
Claude Giroux,PHI,69,11,15,26,57.78,9.7,14,26,28,1310,1.6,1.19083965
Kevin Shattenkirk,T.B,70,7,19,26,45.61,3.74,24,30,26,1322.5,2.1,1.17958415
Jakob Silfverberg,ANA,66,13,13,26,66.67,8.96,8,22,34,1167.1,1.8,1.33664644
Victor Hedman,T.B,66,7,19,26,40.63,5.62,19,28,32,1587.2,3.2,0.982862949
Jason Zucker,"MIN, PIT",60,10,16,26,68.42,7.32,17,23,25,715.3,1.3,2.1809032
Joonas Donskoi,COL,65,10,16,26,61.9,8.6,14,18,23,1055.9,0.2,1.47741258
Jesper Fast,NYR,69,10,16,26,57.78,10.38,12,31,19,1145.9,0.5,1.36137533
Vincent Trocheck,"CAR, FLA",62,7,19,26,59.09,9.06,31,54,44,109.5,-0.2,14.2465754
Rickard Rakell,ANA,65,11,15,26,61.9,13.66,2,39,24,1180.2,0.9,1.32180989
Tom Wilson,WSH,68,9,17,26,57.78,11.53,48,29,19,1241.2,0.6,1.25684822
Artturi Lehkonen,MTL,70,12,14,26,72.22,10.96,16,15,17,1080,1.2,1.44444442
Darnell Nurse,EDM,71,4,22,26,40.63,5.65,28,44,21,1665.3,0,0.9367681
Anthony Mantha,DET,43,8,18,26,76.47,8.65,14,24,17,811.5,1.8,1.922366
Jake Virtanen,VAN,69,11,15,26,83.87,10.82,28,28,34,902.9,0.3,1.727766
Christian Dvorak,ARI,70,10,16,26,55.32,10.18,10,21,17,1168.7,2.1,1.33481658
Frank Vatrano,FLA,69,9,17,26,89.66,8.55,20,13,27,1036.2,-0.5,1.50550091
Anthony Beauvillier,NYI,68,11,15,26,66.67,10.02,11,42,26,1173.7,2.1,1.32913017
Joel Eriksson Ek,MIN,62,7,19,26,63.41,7.71,20,18,15,974.5,2.1,1.6008209
Noel Acciari,FLA,66,19,7,26,61.9,10.5,10,19,24,1052.3,1.6,1.48246694
Charlie McAvoy,BOS,67,2,24,26,41.94,3.63,30,53,32,1551.9,3,1.00521934
Alex DeBrincat,CHI,70,7,19,26,74.29,11.21,8,31,35,N/A,N/A,N/A
Dustin Brown,L.A,66,13,12,25,65.79,11.51,10,27,22,1214.8,0.5,1.23477113
Patrice Bergeron,BOS,61,13,12,25,54.35,8.66,18,16,28,1142.4,2.8,1.31302524
Evgenii Dadonov,FLA,69,11,14,25,51.02,10.93,8,30,24,N/A,N/A,N/A
Alex Pietrangelo,STL,70,8,17,25,37.88,6.52,14,35,35,1689.3,3.2,0.8879417
Erik Karlsson,S.J,56,4,21,25,59.52,3.08,10,55,41,1373.3,0.7,1.09225953
Kyle Palmieri,N.J,65,13,12,25,67.57,10.2,18,25,24,1111.6,2.1,1.34940624
Nazem Kadri,COL,51,15,10,25,62.5,6.96,27,25,20,888.7,2.1,1.6878587
Tyson Barrie,TOR,70,4,21,25,42.37,5.04,14,58,15,1531.4,0.2,0.9794959
Marcus Foligno,MIN,59,11,14,25,75.76,8.51,20,13,21,860.6,1.4,1.74297011
Tyler Seguin,DAL,69,9,16,25,83.33,13.29,14,38,27,1320.9,1,1.13558936
Scott Laughton,PHI,49,12,13,25,75.76,4.99,22,20,17,715.8,1.2,2.09555745
Chris Tierney,OTT,71,5,20,25,65.79,7.33,18,27,24,1220.5,0.7,1.2290045
Alexander Kerfoot,TOR,65,8,17,25,58.14,8.82,28,32,27,N/A,N/A,N/A
Sean Monahan,CGY,70,11,14,25,67.57,12.66,19,26,39,1266.4,0.2,1.18445981
Jordan Greenway,MIN,67,8,17,25,67.57,6.77,46,28,35,948.8,1.3,1.58094442
Thomas Chabot,OTT,71,6,19,25,40.32,5.75,28,66,36,1845,0.8,0.8130081
Jesper Bratt,N.J,60,14,11,25,69.44,6.85,0,19,16,839,1.7,1.78784263
Josh Bailey,NYI,68,8,16,24,75,6.28,0,40,27,1149.1,0.2,1.25315464
Craig Smith,NSH,69,14,10,24,52.17,12.32,18,21,23,926.3,2.2,1.554572
Kevin Hayes,PHI,69,12,12,24,70.59,10.65,22,24,29,1223.3,-0.2,1.17714369
Zach Hyman,TOR,51,12,12,24,54.55,11.4,14,13,19,973.7,1.2,1.478895
Blake Coleman,"N.J, T.B",66,16,8,24,63.16,13.14,28,15,35,971,2,1.48300719
Tanner Pearson,VAN,69,11,13,24,80,11.13,17,28,32,1139.3,-0.6,1.2639339
Valeri Nichushkin,COL,65,11,13,24,58.54,8.97,4,15,31,914.3,2.6,1.57497537
Jared McCann,PIT,66,11,13,24,60,9.23,15,19,26,1006.1,2.3,1.43126929
Luke Kunin,MIN,63,12,12,24,72.73,9.84,29,13,6,974.3,-0.6,1.47798419
Nico Hischier,N.J,58,11,13,24,75,8.71,8,18,32,1047.1,0.8,1.37522686
Martin Necas,CAR,64,11,13,24,85.71,6.33,18,30,22,906.7,0.8,1.58817685
Quinn Hughes,VAN,68,4,20,24,41.38,2.71,12,45,28,1488.1,2,0.967676938
Zach Parise,MIN,69,9,14,23,60.53,11.12,2,22,13,1186.5,1.3,1.16308475
Brent Burns,S.J,70,7,16,23,40.35,5.94,22,59,37,1777.3,1.1,0.7764587
Kris Letang,PIT,61,6,17,23,38.98,5.19,24,56,24,1569.2,1.1,0.879429042
Patric Hornqvist,PIT,52,13,10,23,79.31,10.2,17,5,12,828.5,1.4,1.66566086
Ian Cole,COL,65,4,19,23,47.92,3.6,28,28,15,1150.4,1.6,1.1995827
Gustav Nyquist,CBJ,70,4,19,23,62.16,7.11,12,32,21,1262.3,0,1.09324241
Tyler Johnson,T.B,65,12,11,23,62.16,9.34,14,16,11,944.7,0.2,1.46078122
Tyler Bozak,STL,67,10,13,23,76.67,6.8,8,18,25,1026.2,1.5,1.34476721
Ryan Ellis,NSH,49,3,20,23,38.98,2.61,8,30,14,1150.8,4.1,1.1991657
Mattias Ekholm,NSH,68,7,16,23,41.07,5.18,14,40,36,1588.5,1,0.8687441
Jack Roslovic,WPG,71,10,13,23,62.16,8.15,8,37,23,1057.8,0.5,1.3045944
Jake DeBrusk,BOS,65,12,11,23,76.67,10.47,10,20,23,N/A,N/A,N/A
Derek Ryan,CGY,68,8,15,23,76.67,7.4,6,22,25,989.2,1.2,1.39506674
Alex Nylander,CHI,65,10,13,23,74.19,6.49,8,23,24,788.8,0.3,1.74949288
Joe Thornton,S.J,70,4,18,22,68.75,5.23,12,23,51,1085,0.2,1.21658981
Carl Soderberg,ARI,70,9,13,22,70.97,9.96,12,18,24,1112.8,0.7,1.18619692
Paul Stastny,VGK,71,10,12,22,59.46,13.33,12,15,32,1216,1,1.08552635
Nick Foligno,CBJ,67,8,14,22,61.11,9.67,31,23,31,1250.7,0.9,1.055409
Nicklas Backstrom,WSH,61,5,17,22,51.16,6.72,10,29,30,1159.2,1.5,1.13871646
Richard Panik,WSH,59,9,13,22,64.71,5.04,18,28,19,668.9,0.9,1.973389
Ryan Johansen,NSH,68,10,12,22,61.11,8.25,19,18,26,1159.3,-0.4,1.13861811
Jean-Gabriel Pageau,"NYI, OTT",67,15,7,22,61.11,9.7,15,23,21,126,-0.4,10.4761906
Gabriel Landeskog,COL,54,10,12,22,59.46,10.39,31,19,34,1081.6,1.2,1.22041428
Jonas Brodin,MIN,69,2,20,22,37.93,2.92,18,14,10,1487,2.1,0.887693346
Kevin Labanc,S.J,70,11,11,22,68.75,12.2,28,23,31,1124.9,-0.4,1.1734376
Adam Fox,NYR,70,6,16,22,34.92,5.42,24,48,51,1323.3,2.7,0.9975062
Kailer Yamamoto,EDM,27,7,15,22,73.33,5.06,6,8,18,469.4,1.4,2.81210065
Nick Suzuki,MTL,71,7,15,22,75.86,9.1,2,29,27,1135.1,1.6,1.16289318
Shea Weber,MTL,65,8,13,21,36.84,4.48,23,60,10,1560.2,0.7,0.8075888
Alexander Edler,VAN,59,3,18,21,42,2.01,38,35,7,N/A,N/A,N/A
Keith Yandle,FLA,69,2,19,21,43.75,2.27,12,55,19,1359.1,0.2,0.9270841
Jeff Petry,MTL,71,4,17,21,41.18,4.65,16,69,23,1678.9,1.5,0.7504914
Jordan Staal,CAR,68,6,15,21,60,11.71,18,31,25,1190.5,0.2,1.05837882
Marcus Johansson,BUF,60,6,15,21,70,5.26,14,17,15,1028.8,0.4,1.22472775
Evander Kane,S.J,64,9,12,21,58.33,12.91,49,36,41,1250.5,0.5,1.007597
Oliver Ekman-Larsson,ARI,66,5,16,21,50,4.03,20,37,13,1518.6,0.6,0.8297116
Calle Jarnkrok,NSH,64,9,12,21,67.74,8.78,8,7,17,1019.9,-0.2,1.23541522
Brady Skjei,"CAR, NYR",67,7,14,21,41.18,4.65,35,44,30,145.8,0.1,8.641975
Tomas Hertl,S.J,48,10,11,21,70,10.13,12,16,16,883.2,1.7,1.42663038
Miles Wood,N.J,68,9,12,21,75,10.06,40,21,15,899.9,-0.1,1.40015554
Ryan Graves,COL,69,8,13,21,33.33,4.92,27,32,16,1306.8,1.6,0.964187264
Shea Theodore,VGK,71,9,12,21,39.62,7.3,10,45,49,1579.1,1.1,0.7979229
J.T. Compher,COL,67,9,12,21,60,6.64,14,13,15,1120.4,1.8,1.12459838
Ryan Pulock,NYI,68,5,16,21,34.43,3.97,14,51,13,1523.7,3.4,0.826934457
Robby Fabbri,"DET, STL",61,9,12,21,77.78,6.75,10,26,11,897.2,0.2,1.40436912
Ivan Barbashev,STL,69,7,14,21,77.78,7.98,17,29,25,928.2,-0.9,1.3574661
Ryan Donato,MIN,62,14,7,21,70,8.34,8,12,20,659.4,1.2,1.910828
Mikko Rantanen,COL,42,9,12,21,67.74,5.75,14,11,31,795.9,1,1.58311343
Dominik Simon,PIT,64,7,14,21,63.64,7.74,12,28,40,922.1,-0.8,1.36644614
Miro Heiskanen,DAL,68,3,18,21,47.73,5.87,6,62,31,1615,2,0.780185759
Ilya Mikheyev,TOR,39,6,15,21,77.78,6.84,2,12,19,607.5,1.1,2.074074
Patrick Marleau,"PIT, S.J",66,9,11,20,51.28,9.81,10,11,26,123.3,0.2,9.73236
Alex Goligoski,ARI,70,2,18,20,37.04,2.61,22,42,4,1614,0.6,0.743494451
Jamie Benn,DAL,69,8,12,20,64.52,11.19,20,46,48,1134.2,1.4,1.05801451
Pat Maroon,T.B,64,8,12,20,68.97,7.22,31,11,14,N/A,N/A,N/A
Logan Couture,S.J,52,10,10,20,76.92,5.32,4,13,19,963.4,0.6,1.24558854
Kyle Turris,NSH,62,7,13,20,64.52,5.43,12,25,17,956.3,-0.2,1.25483632
Jake Muzzin,TOR,53,6,14,20,37.74,3.34,24,53,17,1144.5,1.8,1.04849279
Mikael Granlund,NSH,63,9,11,20,57.14,8.89,8,23,19,1121.6,0.6,1.06990016
Nick Cousins,"MTL, VGK",65,7,13,20,64.52,8.76,23,19,29,781,1.6,1.53649163
Dougie Hamilton,CAR,47,9,11,20,51.28,5.47,24,28,15,1094.3,2.3,1.09659135
Yanni Gourde,T.B,70,6,14,20,66.67,8.19,27,12,35,984.4,0.6,1.21901667
Oskar Sundqvist,STL,57,11,9,20,74.07,8.09,18,10,29,819.7,0.3,1.46395016
Chandler Stephenson,"VGK, WSH",65,7,13,20,47.62,6.33,10,18,30,647.1,2.2,1.85442746
Damon Severson,N.J,69,4,16,20,46.51,3.87,18,67,23,1584.4,0.6,0.7573845
Vinnie Hinostroza,ARI,68,5,15,20,66.67,7.98,12,19,28,891.2,0.8,1.34649909
Conor Sheary,"BUF, PIT",63,9,11,20,64.52,8.01,2,16,19,710.2,1,1.68966484
Travis Sanheim,PHI,69,7,13,20,35.09,4.9,26,39,15,1390.6,1.3,0.862936854
Viktor Arvidsson,NSH,57,11,9,20,68.97,8.76,20,17,13,923.1,0.6,1.29996753
Danton Heinen,"ANA, BOS",67,7,13,20,66.67,7.02,8,24,18,147.2,-0.5,8.152174
Ondrej Kase,"ANA, BOS",55,5,15,20,64.52,8.3,10,28,33,822.6,0.8,1.45878923
Zach Werenski,CBJ,63,10,10,20,40.82,6.77,8,39,22,1510.9,1.7,0.7942286
Jeff Carter,L.A,60,13,6,19,82.61,11.81,24,16,11,1016.1,-0.6,1.1219368
Travis Zajac,N.J,69,6,13,19,55.88,6.06,18,16,24,1178.2,0.1,0.9675777
David Krejci,BOS,61,5,14,19,54.29,5.43,14,27,25,1047.6,1,1.08820164
Derick Brassard,NYI,66,6,13,19,61.29,6.52,14,35,26,904,0.7,1.26106191
Carl Hagelin,WSH,58,6,13,19,63.33,7.79,14,21,15,830.5,0.6,1.37266707
Matt Calvert,COL,50,8,11,19,73.08,7.04,20,12,16,704.5,0.6,1.618169
Tyler Pitlick,PHI,63,8,11,19,61.29,6.19,10,13,25,759.1,1.2,1.50177848
Cam Fowler,ANA,59,7,12,19,42.22,2.76,14,27,20,1297.4,0.7,0.8786804
Jeff Skinner,BUF,59,14,5,19,67.86,12.56,12,21,27,972.6,-0.1,1.172116
Ryan Dzingel,CAR,64,3,16,19,70.37,7.22,17,16,12,905.6,0.1,1.258834
Sean Kuraly,BOS,69,6,13,19,70.37,5.87,32,23,21,917,0,1.24318433
Barclay Goodrow,"S.J, T.B",70,8,11,19,63.33,9.62,46,19,33,1015.3,0.5,1.12282085
Colton Parayko,STL,64,6,13,19,39.58,4.91,14,30,25,1470.9,1.2,0.7750357
Nate Schmidt,VGK,59,4,15,19,41.3,3.95,10,35,27,1278.5,0.8,0.8916699
Ryan Hartman,MIN,69,8,11,19,52.78,8.32,35,14,29,845.6,1.6,1.34815514
William Carrier,VGK,71,7,12,19,63.33,8.89,29,8,21,700.9,0.5,1.62648022
Victor Olofsson,BUF,54,6,13,19,54.29,6.46,4,19,11,990.7,0.7,1.15070152
Ethan Bear,EDM,71,4,15,19,29.69,3.08,16,74,36,1559.7,0.8,0.7309098
Adam Gaudette,VAN,59,7,12,19,70.37,5.98,33,13,21,730.6,0.8,1.56036139
Filip Chytil,NYR,60,13,6,19,61.29,9.12,6,25,32,890.5,-0.1,1.28017962
Rasmus Dahlin,BUF,59,2,17,19,52.78,2.2,16,33,14,1138.4,0.7,1.00140548
Kirby Dach,CHI,64,8,11,19,57.58,9.12,16,15,34,913,0.8,1.24863088
Jason Spezza,TOR,58,7,11,18,69.23,5.9,14,25,19,628.1,1.3,1.71947145
Alexander Radulov,DAL,60,7,11,18,64.29,9.53,34,34,24,N/A,N/A,N/A
Dmitry Orlov,WSH,69,2,16,18,31.03,4.05,28,57,38,1530,0.7,0.7058824
Ben Chiarot,MTL,69,7,11,18,33.33,4.65,43,72,17,1596.2,-0.2,0.676606953
Joel Edmundson,CAR,68,6,12,18,40.91,4.32,40,40,20,1253.8,-0.6,0.861381352
Joel Armia,MTL,58,10,8,18,56.25,10.62,12,22,29,999.1,1.1,1.08097291
Mike Matheson,FLA,59,7,11,18,39.13,3.62,12,51,38,1062.6,0.9,1.016375
Jimmy Vesey,BUF,64,8,10,18,54.55,8.7,8,16,22,883.4,1.1,1.2225492
Nick Paul,OTT,56,9,9,18,72,7.47,13,19,24,808.8,0.6,1.33531165
Andrew Copp,WPG,63,9,9,18,66.67,8.01,8,23,29,1114.9,0.9,0.9686967
Jason Dickinson,DAL,65,9,9,18,58.06,6.65,2,25,31,972.9,1.3,1.11008322
Sonny Milano,"ANA, CBJ",55,6,12,18,81.82,4.56,16,23,22,139.4,0.1,7.74748945
Anders Bjork,BOS,58,8,10,18,66.67,5.48,8,14,21,750,1,1.44
Colin White,OTT,61,5,13,18,62.07,6.58,31,26,23,N/A,N/A,N/A
John Marino,PIT,56,4,14,18,40.91,2.61,18,36,30,1133.6,2.7,0.952717
Tyson Jost,COL,67,7,11,18,56.25,8.18,16,11,15,854.5,1.4,1.26389706
Samuel Girard,COL,70,3,15,18,33.33,3.03,15,32,29,1489.7,1,0.7249782
Joel Farabee,PHI,52,6,12,18,62.07,6.93,20,22,18,733.5,0.1,1.47239268
Matt Niskanen,PHI,68,2,15,17,31.48,2.9,20,41,13,1489.5,1.3,0.684793532
Kyle Okposo,BUF,52,8,9,17,85,6.37,10,11,13,668.1,0.6,1.52671766
Phil Kessel,ARI,70,5,12,17,65.38,8.44,14,32,17,1200.3,-1.1,0.849787533
Justin Braun,PHI,62,2,15,17,44.74,1.67,16,26,9,1070.7,1,0.952647865
Jared Spurgeon,MIN,62,8,9,17,32.08,3.93,12,15,6,1399.5,2.5,0.7288317
Kyle Clifford,"L.A, TOR",69,7,10,17,65.38,9.14,49,16,11,619.4,0.6,1.64675486
Justin Holl,TOR,68,1,16,17,36.17,3.84,39,56,16,1258.6,0.5,0.810424268
Marcus Sorensen,S.J,66,6,11,17,65.38,8.6,12,17,24,913.7,-0.5,1.11634016
Matt Nieto,COL,70,6,11,17,54.84,7.45,6,11,12,945.2,0.2,1.07913673
Alex Galchenyuk,"MIN, PIT",59,6,11,17,68,6.03,14,16,5,209.1,0.4,4.87804842
Morgan Rielly,TOR,47,2,15,17,38.64,3.55,24,32,12,1137.1,0.8,0.897018731
Erik Gustafsson,"CGY, CHI",66,4,13,17,31.48,3.69,19,54,21,N/A,N/A,N/A
Will Butcher,N.J,56,3,14,17,42.5,2.38,6,23,9,1000.9,0.9,1.01908278
Lucas Wallmark,"CAR, FLA",67,9,8,17,68,6.85,14,13,16,768.5,0.6,1.32726085
Devon Toews,NYI,68,3,14,17,38.64,3.79,12,54,25,1394.8,0.9,0.7312876
Pavel Zacha,N.J,65,3,14,17,53.13,4.74,14,28,23,1057.4,0.6,0.9646302
Lawson Crouse,ARI,66,10,7,17,68,8.51,11,20,23,896.4,0,1.13788486
Vladislav Gavrikov,CBJ,69,5,12,17,37.78,3.93,16,30,16,1309.4,1.5,0.7789827
Brandon Tanev,PIT,68,6,11,17,77.27,5.88,8,33,27,1003.7,0.7,1.01623988
Mikhail Sergachev,T.B,70,4,13,17,32.69,3.75,40,30,14,1425.7,1,0.715438068
Michal Kempny,WSH,58,3,14,17,30.91,2.94,16,32,7,1080.6,1.5,0.9439201
Ilya Kovalchuk,"L.A, MTL, WSH",46,6,10,16,64,6.46,12,20,10,262,-0.4,3.664122
Anton Stralman,FLA,69,4,12,16,28.57,3.65,8,39,35,1453.5,0.4,0.6604747
Drew Doughty,L.A,67,1,15,16,38.1,2.5,26,63,12,1730.2,0.1,0.554849148
Derek Stepan,ARI,70,7,9,16,57.14,8.73,10,24,28,1235,0.4,0.777327955
Erik Haula,"CAR, FLA",48,8,8,16,59.26,7.19,14,22,15,650.1,-0.3,1.4766959
Johan Larsson,BUF,62,5,11,16,53.33,5.73,18,18,22,923.7,1.3,1.03929842
Mark Pysyk,FLA,58,8,8,16,57.14,4.91,16,13,22,739.6,0.2,1.29799891
Nino Niederreiter,CAR,67,7,9,16,53.33,9.05,26,36,34,992.6,0.1,0.967157
Boone Jenner,CBJ,70,7,9,16,57.14,11.65,20,20,19,1268.2,-0.2,0.756978452
Vladislav Namestnikov,"COL, NYR, OTT",65,8,8,16,57.14,7.89,34,27,21,134.6,0.6,7.132243
Torey Krug,BOS,61,4,12,16,37.21,3.37,18,34,20,1249.7,1.3,0.7681844
Jacob Trouba,NYR,70,3,13,16,39.02,5.43,29,56,30,1579.5,-1.5,0.607787251
Ben Hutton,L.A,65,4,12,16,37.21,3.87,12,31,12,1187,1.2,0.8087616
Michael Raffl,PHI,58,6,10,16,66.67,5.58,12,22,16,717.3,0.1,1.3383522
MacKenzie Weegar,FLA,45,6,10,16,39.02,3.85,29,32,23,905.2,1.5,1.06053913
Brett Pesce,CAR,61,4,12,16,30.19,3.76,18,30,33,1334.8,-0.2,0.719208837
Alexander Wennberg,CBJ,57,4,12,16,69.57,3.84,8,21,15,N/A,N/A,N/A
Nick Ritchie,"ANA, BOS",48,7,9,16,66.67,7.62,33,17,9,590,0.2,1.62711859
Brandon Carlo,BOS,67,2,14,16,39.02,2.44,12,27,25,1371.3,0.1,0.7000656
Denis Gurianov,DAL,64,12,4,16,57.14,9.5,9,21,24,831.1,1.1,1.1550957
Jakob Chychrun,ARI,63,7,9,16,33.33,4.09,26,42,22,1413.4,1.8,0.6792132
Troy Stecher,VAN,69,5,11,16,36.36,2.55,30,25,16,1058.9,1,0.9066012
Ryan Reaves,VGK,71,8,7,15,60,7.22,33,7,17,720.1,-0.5,1.24982643
Erik Johnson,COL,59,2,13,15,34.88,3.71,10,24,28,1241.8,0.1,0.724754333
Colton Sceviour,FLA,69,6,9,15,55.56,6.9,6,24,21,912.5,0.3,0.986301363
TJ Brodie,CGY,64,3,12,15,30.61,2.11,30,43,24,N/A,N/A,N/A
Derek Grant,"ANA, PHI",56,7,8,15,83.33,6.54,16,10,14,679.2,0.2,1.32508826
Mark Borowiecki,OTT,53,5,10,15,51.72,1.81,44,27,7,950.8,-0.3,0.94657135
Cam Atkinson,CBJ,44,6,9,15,78.95,7.96,6,16,23,785.2,0.7,1.14620483
Josh Leivo,VAN,36,7,8,15,71.43,5.78,4,11,10,540.4,0.8,1.66543293
Oscar Klefbom,EDM,62,3,12,15,34.09,3.88,16,47,25,1574.8,1.5,0.571501136
Zemgus Girgensons,BUF,69,9,6,15,65.22,6.41,10,9,6,951.8,0.1,0.9455768
Radek Faksa,DAL,66,8,7,15,55.56,9.1,24,24,28,1048.8,0.2,0.858123541
Teddy Blueger,PIT,69,9,6,15,62.5,7.37,8,17,18,1091,0.6,0.824931264
Brock McGinn,CAR,68,5,10,15,60,7.4,12,8,16,897.7,0.1,1.002562
Andreas Athanasiou,"DET, EDM",55,7,8,15,83.33,8.02,21,25,14,760.5,-0.2,1.183432
Tucker Poolman,WPG,57,3,12,15,31.91,2.28,10,41,12,994.4,1,0.905068338
Madison Bowey,DET,53,3,12,15,44.12,2.89,28,41,13,949.1,-0.5,0.9482668
Rasmus Ristolainen,BUF,69,4,11,15,31.25,2.84,26,19,11,1573.2,1,0.5720824
Pierre-Edouard Bellemare,COL,69,7,8,15,57.69,5.41,8,11,46,926,0.3,0.9719222
Marcus Pettersson,PIT,69,2,13,15,28.3,2.59,24,29,15,1338.2,1.5,0.672545254
Roope Hintz,DAL,60,12,3,15,55.56,9.37,10,29,19,884.1,1.2,1.01798439
Neal Pionk,WPG,71,3,12,15,32.61,4.16,20,50,25,1659.7,0.1,0.542266667
Sean Walker,L.A,70,3,12,15,39.47,5.14,16,51,23,1318.6,0,0.6825421
Valtteri Filppula,DET,70,4,10,14,58.33,5.29,18,38,13,1162.6,-1.2,0.7225185
Alexander Steen,STL,55,6,8,14,50,5.77,10,10,12,N/A,N/A,N/A
Brian Boyle,FLA,39,5,9,14,77.78,4.73,15,11,14,482.6,-0.1,1.74057186
Mark Giordano,CGY,60,2,12,14,34.15,3.81,20,33,23,1432.9,1.2,0.5862237
Blake Comeau,DAL,55,7,7,14,93.33,4.71,28,25,18,821.7,-0.9,1.02227092
Andrew Cogliano,DAL,68,3,11,14,73.68,5.87,20,19,20,848.1,-0.2,0.99044925
Darren Helm,DET,68,8,6,14,77.78,6.72,21,25,21,933.9,0.1,0.8994539
Nick Leddy,NYI,60,2,12,14,35,3.14,10,45,10,1266.7,0.1,0.6631405
Christopher Tanev,VAN,69,1,13,14,31.11,2.1,18,30,17,N/A,N/A,N/A
Matt Dumba,MIN,69,4,10,14,25,4.56,34,27,13,1552,0.8,0.5412371
Cedric Paquette,T.B,61,4,10,14,70,6.97,18,7,13,796.3,-0.2,1.05487883
Carter Rowney,ANA,71,5,9,14,56,5.32,12,24,18,910.2,0.5,0.9228741
Andreas Johnsson,TOR,43,3,11,14,56,4.96,12,18,11,677.5,0.4,1.23985243
Seth Jones,CBJ,56,4,10,14,32.56,3.78,18,31,21,1415.7,0.8,0.593346059
Josh Morrissey,WPG,65,4,10,14,28,3.19,20,39,18,1479.2,0,0.567874551
Garnet Hathaway,WSH,66,8,6,14,66.67,9.28,42,16,15,711.3,1,1.18093634
Adrian Kempe,L.A,69,4,10,14,73.68,8.14,18,20,21,1104.8,-0.2,0.7603186
Brandon Montour,BUF,54,4,10,14,35.9,2.83,24,24,10,1052.9,-0.2,0.797796547
Oskar Lindblom,PHI,30,8,6,14,66.67,5.14,4,8,12,528.2,0.6,1.59030664
Noah Hanifin,CGY,70,4,10,14,28.57,5.37,8,55,30,1482,0.1,0.5668016
Ryan Lindgren,NYR,60,1,13,14,30.43,1.43,25,19,23,993.2,1.6,0.8457511
Blake Lizotte,L.A,65,2,12,14,77.78,6.66,18,16,17,907.4,0.4,0.9257218
Zdeno Chara,BOS,68,4,9,13,22.81,2.45,36,44,22,1428.5,1.2,0.5460273
Corey Perry,DAL,57,4,9,13,61.9,7.78,41,22,17,782.3,0,0.997059941
Nate Thompson,"MTL, PHI",70,4,9,13,61.9,5.95,23,29,16,806.9,-1,0.9666625
Joe Pavelski,DAL,67,5,8,13,41.94,9.75,23,23,28,1134.4,1.2,0.687588155
Artem Anisimov,OTT,49,9,4,13,76.47,6.83,6,11,18,678.6,-0.6,1.14942539
Riley Nash,CBJ,64,4,9,13,59.09,4.5,8,9,19,758,1,1.02902377
Brandon Sutter,VAN,44,6,7,13,65,4.83,4,8,9,653.4,0.7,1.19375575
Wayne Simmonds,"BUF, N.J",68,3,10,13,59.09,7.19,25,17,24,88.7,-0.2,8.793687
Tyler Myers,VAN,68,4,9,13,25.49,5.01,32,33,34,1462.3,-0.3,0.533406258
Michael Del Zotto,ANA,49,2,11,13,32.5,2.31,10,31,8,916.9,0.4,0.8506925
Marco Scandella,"BUF, MTL, STL",62,4,9,13,27.66,2.64,14,44,15,514.4,1,1.51632965
Nicolas Deslauriers,ANA,59,7,6,13,59.09,5.39,36,10,9,577.1,0.3,1.35158563
Cody Eakin,"VGK, WPG",49,4,9,13,65,5.12,12,20,17,600.8,-0.4,1.298269
Brenden Dillon,"S.J, WSH",69,1,12,13,27.08,1.86,50,20,13,1142.2,0.8,0.6828927
Radko Gudas,WSH,63,2,11,13,27.66,2.4,29,30,17,1053.5,0.9,0.740389168
John Klingberg,DAL,58,3,10,13,38.24,3.68,16,59,23,1285.6,-0.1,0.6067206
Josh Archibald,EDM,62,7,6,13,68.42,5.26,10,10,14,820.4,0.1,0.9507557
Victor Rask,MIN,43,5,8,13,65,2.49,6,5,13,450.7,0.5,1.73064113
Connor Murphy,CHI,58,3,10,13,30.95,3.02,16,36,15,1232.5,0.7,0.632860065
Olli Maatta,CHI,65,4,9,13,27.66,2.89,18,50,18,1197.3,1.2,0.6514658
Colton Sissons,NSH,57,8,5,13,54.17,4.37,12,20,12,816.9,0.9,0.9548292
Carson Soucy,MIN,55,6,7,13,36.11,2.4,6,14,16,859.6,1.1,0.9073988
Tomas Nosek,VGK,67,7,6,13,56.52,9.57,14,14,17,777.6,-0.5,1.00308645
Haydn Fleury,CAR,45,4,9,13,61.9,2.55,6,24,14,614.9,0.3,1.2684989
Michael Amadio,L.A,68,6,7,13,48.15,7.65,10,19,27,884.7,0.8,0.8816548
Philippe Myers,PHI,50,4,9,13,28.26,2.77,18,30,21,855.4,2,0.9118541
Dillon Dube,CGY,45,5,8,13,59.09,5.68,4,14,15,570.6,0.7,1.36698222
Sam Steel,ANA,65,4,9,13,56.52,7.09,14,27,22,1010.3,-0.1,0.772047937
Brett Howden,NYR,70,7,6,13,54.17,7,18,22,13,920,-0.5,0.847826064
Filip Hronek,DET,65,4,9,13,37.14,2.59,19,57,16,1553.2,-0.1,0.50218904
Drake Caggiula,CHI,40,8,5,13,59.09,5.45,18,5,16,472.6,0.6,1.65044439
David Kampf,CHI,70,7,6,13,68.42,8.21,6,16,28,956.7,-1.1,0.8153026
Trevor Lewis,L.A,56,6,6,12,54.55,7.81,16,13,8,666.2,0.8,1.08075655
Milan Lucic,CGY,68,3,9,12,37.5,5.18,24,36,19,906.6,1.4,0.794176042
Mathieu Perreault,WPG,49,5,7,12,70.59,5.23,6,10,16,642.2,-0.1,1.12114608
Alec Martinez,"L.A, VGK",51,3,9,12,30.77,2.12,19,22,13,882.2,0.7,0.8161414
Jake Gardiner,CAR,68,2,10,12,38.71,2.42,24,31,25,1132.9,-1.3,0.6355371
Nic Dowd,WSH,56,4,8,12,54.55,3.83,24,7,15,606.9,1.2,1.1863569
Jake McCabe,BUF,66,2,10,12,33.33,1.9,20,20,15,1222.9,1.1,0.5887644
Carter Verhaeghe,T.B,52,8,4,12,66.67,5.29,8,11,19,486.8,0.4,1.47904682
Robert Hagg,PHI,49,2,10,12,36.36,1.44,24,26,6,764.2,0.5,0.942161739
Frederik Gauthier,TOR,61,7,5,12,70.59,3.83,4,13,7,572.7,0,1.25720274
Nicolas Aube-Kubel,PHI,36,5,7,12,66.67,4.24,15,9,13,406.4,1.1,1.77165353
Sam Lafferty,PIT,50,5,7,12,85.71,3.78,21,12,16,480.8,0.1,1.49750423
Sammy Blais,STL,40,6,6,12,75,5.5,16,18,12,503.1,0.1,1.431127
Pierre Engvall,TOR,48,6,6,12,60,5.74,4,19,9,572.8,0.6,1.25698328
Vince Dunn,STL,71,5,7,12,23.53,4.83,14,26,12,1154.3,2.2,0.6237546
Ivan Provorov,PHI,69,5,7,12,22.22,4.48,18,54,10,1714.2,1.9,0.420021027
Matt Roy,L.A,70,2,10,12,25,3.13,8,34,6,1268,2.2,0.56782335
Henri Jokiharju,BUF,69,3,9,12,30.77,2.03,22,27,6,1188,-0.3,0.6060606
Eric Robinson,CBJ,50,7,5,12,52.17,5.85,8,11,12,547.5,1.3,1.31506848
Duncan Keith,CHI,61,0,11,11,25.58,2.67,12,55,33,1487.5,-0.2,0.443697482
James Neal,EDM,55,5,6,11,47.83,6.34,6,22,22,896.9,0,0.735868
Leo Komarov,NYI,48,2,9,11,61.11,3.45,10,14,9,604.6,0.5,1.09163082
Michael Frolik,"BUF, CGY",57,4,7,11,91.67,4.58,22,27,26,255.7,-0.6,2.58114982
P.K. Subban,N.J,68,4,7,11,30.56,3.28,37,52,16,1504.4,-1.8,0.4387131
Antoine Roussel,VAN,41,6,5,11,50,4.94,35,12,7,485.2,0.4,1.36026382
Matt Grzelcyk,BOS,68,3,8,11,32.35,3.54,24,34,16,1228,0.9,0.537459254
Dominic Toninato,FLA,46,4,7,11,52.38,5.07,21,13,17,512.5,0.3,1.28780484
Mattias Janmark,DAL,62,3,8,11,61.11,5.79,8,25,20,906.4,1,0.7281553
Nikita Zadorov,COL,64,4,7,11,28.95,2.95,34,28,16,1137.4,-0.6,0.580270767
Ryan Carpenter,CHI,69,2,9,11,50,8.4,12,26,23,971.1,0,0.679641664
Melker Karlsson,S.J,61,5,6,11,61.11,4.74,16,8,20,748.4,-0.3,0.8818813
Sam Bennett,CGY,52,8,3,11,64.71,7.29,28,20,19,650.6,-0.8,1.01444829
Brendan Lemieux,NYR,59,3,8,11,57.89,6.82,57,28,13,759.4,0.4,0.8691072
Rasmus Andersson,CGY,70,4,7,11,28.21,3.61,40,36,17,1395.5,1.3,0.47294876
Erik Cernak,T.B,67,4,7,11,25.58,4.11,37,25,14,1269.7,0.4,0.5198079
Jacob Larsson,ANA,60,2,9,11,35.48,1.77,6,30,6,968.4,-0.8,0.681536555
Troy Terry,ANA,47,3,8,11,68.75,5.41,2,14,30,681.5,0.1,0.9684519
Zach Aston-Reese,PIT,57,4,7,11,52.38,7.24,18,21,18,821.5,0.6,0.8034084
Alexandre Texier,CBJ,36,5,6,11,64.71,3.65,8,12,16,N/A,N/A,N/A
Emil Bemstrom,CBJ,56,4,7,11,68.75,5.54,4,15,10,687,0.2,0.960698664
Adam Boqvist,CHI,41,4,7,11,36.67,1.86,6,25,10,665.1,0.9,0.992332041
Jack Hughes,N.J,61,2,9,11,64.71,8.64,10,34,31,967.8,-0.5,0.6819591
Mikko Koivu,MIN,55,3,7,10,40,6.02,18,9,25,856.4,0.3,0.7006072
Marc-Edouard Vlasic,S.J,70,3,7,10,27.03,2.48,6,33,15,1420.1,-0.8,0.422505468
Nathan Gerbe,CBJ,30,4,6,10,76.92,3.56,6,10,4,412.6,-0.1,1.45419288
Andy Greene,"N.J, NYI",63,2,8,10,29.41,2.38,14,32,12,1066,0.5,0.5628518
Michael Grabner,ARI,46,7,3,10,66.67,4.92,6,10,23,568.9,0.3,1.05466688
Nick Holden,VGK,61,4,6,10,25.64,2.97,8,32,21,1150.3,0.8,0.521603048
Travis Hamonic,CGY,50,2,8,10,27.78,2.79,17,26,19,1059.3,0,0.566411734
Alex Chiasson,EDM,65,5,5,10,47.62,6.17,30,20,13,853,0.7,0.7033998
Sami Vatanen,N.J,47,4,6,10,40,2.04,10,20,11,1022.3,0.3,0.586911857
Jordan Weal,MTL,49,6,4,10,62.5,5.69,12,12,21,667,-0.2,0.8995502
Austin Watson,NSH,53,6,4,10,55.56,4.02,24,19,12,615.9,-0.5,0.9741841
Riley Sheahan,EDM,66,5,5,10,58.82,6.09,4,21,22,843.5,0,0.7113219
Colin Blackwell,NSH,27,3,7,10,58.82,2.48,8,7,6,295.8,1,2.02839756
Scott Mayfield,NYI,67,4,6,10,27.03,3.44,27,57,18,1336.1,-0.5,0.4490682
Jamie Oleksiak,DAL,69,3,7,10,33.33,2.85,34,43,24,1090.9,0.4,0.550004542
Hampus Lindholm,ANA,55,1,9,10,32.26,2.51,22,39,12,1268.7,0.2,0.472925067
Slater Koekkoek,CHI,42,1,9,10,37.04,2,28,27,8,703.8,0.7,0.8525149
Brendan Leipsic,WSH,61,3,7,10,47.62,4.67,2,24,8,558.8,0.5,1.0737294
Esa Lindell,DAL,69,1,9,10,22.73,2.62,6,45,16,1614.5,1.6,0.371632069
Mackenzie MacEachern,STL,51,7,3,10,62.5,5.61,12,11,14,456.6,0.1,1.31406045
Devin Shore,"ANA, CBJ",45,5,5,10,55.56,3.75,2,7,12,467.6,0,1.28314793
Jordan Martinook,CAR,45,2,8,10,66.67,4.67,14,17,21,506.7,0,1.18413258
Jonathan Drouin,MTL,27,6,4,10,76.92,3.53,10,10,11,423.9,-0.4,1.41542816
Jordan Oesterle,ARI,58,3,7,10,40,2.36,12,32,11,986.9,-0.8,0.607964337
Michael Dal Colle,NYI,53,4,6,10,62.5,5.19,10,18,10,625.3,-0.6,0.9595394
Alex Tuch,VGK,42,5,5,10,66.67,6.33,6,25,23,614.1,0.3,0.977039635
Jayce Hawryluk,"FLA, OTT",26,3,7,10,90.91,2.63,10,12,11,145.3,0,4.12938738
Travis Dermott,TOR,56,4,6,10,23.81,2.1,16,39,22,969.3,1.8,0.6190034
Austin Wagner,L.A,65,5,5,10,58.82,12.68,19,21,20,763.3,0.1,0.7860605
Max Jones,ANA,59,7,3,10,62.5,8.06,20,29,18,842,-0.9,0.7125891
Victor Mete,MTL,51,4,6,10,30.3,2.93,16,31,7,815.6,0.9,0.7356548
Dylan Gambrell,S.J,50,5,5,10,47.62,4.46,8,14,10,597.5,0.5,1.00418413
Brad Richardson,ARI,59,5,4,9,45,7.4,12,14,10,805.1,-0.5,0.670724154
Jack Johnson,PIT,67,1,8,9,21.95,1.86,22,23,9,1304.1,-1.7,0.414078683
Marc Staal,NYR,52,2,7,9,33.33,1.6,16,30,14,917.4,-1.1,0.58862
Paul Byron,MTL,29,3,6,9,69.23,2.8,2,10,11,415.5,0.4,1.299639
Sam Gagner,"DET, EDM",42,3,6,9,56.25,5.9,12,19,11,90.4,-0.2,5.973451
Ryan McDonagh,T.B,50,0,9,9,26.47,1.88,12,27,23,1035.3,0.5,0.5215879
Luca Sbisa,WPG,44,2,7,9,33.33,1.62,14,21,4,789.2,-0.4,0.6842372
Dmitry Kulikov,WPG,51,2,7,9,30,2.33,28,49,13,1021,-0.5,0.528893232
Justin Faulk,STL,69,4,5,9,20.93,5.25,26,29,21,1419.1,-0.7,0.380522877
Chris Wagner,BOS,67,5,4,9,42.86,7.15,29,18,12,833.6,-0.2,0.6477927
Travis Boyd,WSH,24,3,6,9,60,2.16,2,6,7,282.1,1.1,1.91421473
Brad Hunt,MIN,59,5,4,9,29.03,2.66,4,12,13,893.1,0.3,0.604635537
Jujhar Khaira,EDM,64,6,3,9,60,5.61,29,33,12,802.1,-0.5,0.6732328
Jacob de la Rose,"DET, STL",50,2,7,9,60,3.66,8,6,12,N/A,N/A,N/A
Jonas Siegenthaler,WSH,64,2,7,9,28.13,1.2,28,25,11,1006.7,0.9,0.5364061
Nicolas Roy,VGK,28,4,5,9,64.29,4.18,8,5,9,320,0.4,1.6875
Dmytro Timashov,"DET, TOR",44,4,5,9,69.23,2.19,14,7,5,59.5,0,9.07563
Dante Fabbro,NSH,64,3,6,9,21.95,2.41,28,33,19,1217.6,0,0.443495423
Nikita Zaitsev,OTT,58,0,9,9,27.27,2.21,14,37,16,1284.6,-1,0.42036432
Mario Ferraro,S.J,61,1,8,9,28.13,2.42,24,17,15,968.6,0,0.557505667
Kaapo Kakko,NYR,66,7,2,9,56.25,6.12,14,17,31,942.4,-1.7,0.5730051
Ron Hainsey,OTT,64,1,7,8,18.18,1.41,8,46,9,1323.6,0.2,0.362647325
Dan Hamhuis,NSH,60,0,8,8,29.63,1.52,33,27,8,870.8,0.4,0.551217258
Jay Bouwmeester,STL,56,1,7,8,23.53,1.54,14,28,8,1208,-0.8,0.397351
Johnny Boychuk,NYI,64,1,7,8,34.78,2.88,14,38,5,1106.3,-1.8,0.4338787
Kris Russell,EDM,55,0,8,8,40,1.49,10,30,27,922.9,-0.2,0.5200997
Jason Demers,ARI,50,0,8,8,26.67,1.85,16,29,10,1024.7,0.3,0.4684298
Zack Smith,CHI,50,3,5,8,61.54,2.8,19,12,15,588.6,-0.7,0.8154944
Matt Martin,NYI,55,5,3,8,61.54,5.35,13,16,11,573.3,0,0.837258
Brayden McNabb,VGK,71,1,7,8,16.33,2.61,30,26,27,1421,-0.4,0.337790281
Casey Cizikas,NYI,48,6,2,8,47.06,5.58,18,24,29,686.1,0.8,0.6996065
David Savard,CBJ,68,0,8,8,17.78,2.83,18,40,16,1406.6,1.2,0.3412484
Erik Gudbranson,"ANA, PIT",51,4,4,8,25.81,2.05,25,30,0,881.5,-0.2,0.5445264
Taylor Fedun,DAL,27,2,6,8,53.33,1.54,8,11,2,371.3,0.6,1.29275525
Scott Harrington,CBJ,39,1,7,8,61.54,1.48,16,9,5,543.9,-1,0.882515132
Nathan Beaulieu,WPG,38,1,7,8,32,1.24,16,21,5,645.9,0.8,0.743149042
Stefan Noesen,"PIT, S.J",40,6,2,8,80,6.25,14,7,16,59.1,-0.2,8.121828
Cody Ceci,TOR,56,1,7,8,22.86,2.29,12,23,10,1150.3,0,0.417282432
Nikolai Prokhorkin,L.A,43,3,5,8,88.89,5.44,4,13,19,520,-0.9,0.9230769
Matthew Benning,EDM,43,1,7,8,34.78,1.3,15,16,11,N/A,N/A,N/A
Josh Brown,FLA,56,3,5,8,25.81,2.42,21,23,7,751.4,0.6,0.638807535
Trevor van Riemsdyk,CAR,49,1,7,8,36.36,1.28,4,15,12,N/A,N/A,N/A
Brendan Guhle,ANA,30,4,4,8,44.44,1.39,4,22,6,512,-0.2,0.9375
Christian Fischer,ARI,56,5,3,8,42.11,6.54,12,8,6,617.2,0.7,0.7777057
Caleb Jones,EDM,43,4,4,8,29.63,1.28,8,26,7,607.6,1.4,0.789993465
Evan Rodrigues,"BUF, PIT",45,4,4,8,72.73,5.01,10,11,12,429.9,-0.4,1.11653876
Trevor Moore,"L.A, TOR",42,5,3,8,47.06,5.98,6,17,18,193.8,0.2,2.47678018
Max Comtois,ANA,29,3,5,8,66.67,3.03,18,17,4,405.2,0.1,1.18460011
Radim Simek,S.J,48,1,7,8,36.36,1.84,12,33,16,823.2,-1,0.583090365
Filip Zadina,DET,28,4,4,8,72.73,3.51,0,14,12,424.9,0.6,1.12967753
Justin Williams,CAR,20,5,2,7,53.85,2.78,6,12,3,272.3,0.7,1.54241657
Loui Eriksson,VAN,49,4,3,7,36.84,4.83,12,6,12,606.2,0.2,0.692840636
Mike Green,"DET, EDM",50,2,5,7,33.33,2.21,24,39,12,1011.4,-0.5,0.415265948
Bobby Ryan,OTT,24,4,3,7,63.64,2.34,18,11,9,324.4,-0.1,1.29469788
Michael Stone,CGY,33,2,5,7,38.89,1.52,12,9,6,538.7,-0.8,0.7796547
Nick Jensen,WSH,68,0,7,7,17.95,2.43,11,43,25,1212.1,0.9,0.346506059
Patrik Nemeth,DET,64,1,6,7,22.58,3.72,22,41,7,1410.3,0.2,0.297808975
Joakim Nordstrom,BOS,48,4,3,7,70,3.49,15,9,11,580.6,-0.7,0.7233896
Anthony Bitetto,WPG,51,0,7,7,25.93,1.52,23,17,14,773.2,0.5,0.5431971
Dylan DeMelo,"OTT, WPG",59,0,7,7,18.42,1.98,35,36,8,N/A,N/A,N/A
Tobias Rieder,CGY,55,2,5,7,77.78,7.03,4,6,14,609.6,-0.5,0.6889764
Andrew Shaw,CHI,26,2,5,7,77.78,3.16,22,11,11,375.9,-0.6,1.11731851
Adam Lowry,WPG,49,2,5,7,46.67,4.8,18,8,23,733.1,-0.1,0.5729096
Ryan Murray,CBJ,27,2,5,7,53.85,1.53,4,12,4,538.8,0.5,0.77951
Mark Jankowski,CGY,56,5,2,7,70,4.27,14,16,25,621.5,0,0.6757844
Kurtis MacDermid,L.A,45,3,4,7,46.67,1.62,35,24,5,617.1,-1,0.680602849
Tyler Motte,VAN,34,4,3,7,87.5,2.62,0,9,13,446,-0.3,0.941704035
Curtis Lazar,BUF,38,3,4,7,63.64,3.72,0,9,9,449.6,0.1,0.9341637
Jansen Harkins,WPG,29,2,5,7,63.64,2,0,7,7,308,0.3,1.36363637
Denis Malgin,"FLA, TOR",44,2,5,7,46.67,4,12,15,24,444.8,-0.4,0.9442446
Mason Appleton,WPG,46,4,3,7,58.33,4.5,8,8,7,513.5,-0.1,0.8179163
Markus Nutivaara,CBJ,37,2,5,7,41.18,2.06,4,13,6,589.1,-0.2,0.712952
Jordan Kyrou,STL,28,4,3,7,50,2.81,6,6,13,304.1,0.3,1.38112462
Nicolas Hague,VGK,38,0,7,7,21.88,1.66,22,10,13,611.4,0.9,0.686947942
Jan Rutta,T.B,33,1,6,7,25.93,1.83,12,8,2,512.9,0.5,0.818873048
Antti Suomela,S.J,20,1,6,7,70,1.87,4,4,6,193.8,0.6,2.16718268
Joakim Nygard,EDM,33,1,6,7,53.85,3.82,6,9,14,352.7,0.9,1.19081366
Gaetan Haas,EDM,58,4,3,7,58.33,4.84,0,21,22,562.5,0.6,0.74666667
Brendan Smith,NYR,62,2,4,6,54.55,3.05,33,22,13,688.3,-1.3,0.5230278
Carl Gunnarsson,STL,36,2,4,6,28.57,0.99,12,9,2,567.9,-0.4,0.6339144
Robert Bortuzzo,STL,42,2,4,6,26.09,1.45,17,9,1,551.2,0.3,0.653120458
Jay Beagle,VAN,55,1,5,6,60,5.36,18,7,8,691,-1,0.520984054
Zach Bogosian,"BUF, T.B",27,1,5,6,37.5,1.11,12,8,2,319.7,0.1,1.1260556
Jordie Benn,VAN,44,1,5,6,28.57,1.19,13,16,7,716.6,-0.6,0.5023723
Calvin de Haan,CHI,29,1,5,6,31.58,0.91,6,27,9,N/A,N/A,N/A
Gabriel Bourque,WPG,52,2,4,6,75,2.75,2,14,5,447.4,-0.4,0.8046491
Justin Dowling,DAL,29,3,3,6,60,2.18,8,8,12,317.7,-0.2,1.13314438
Greg McKegg,NYR,53,3,3,6,60,4.7,12,12,12,506.9,-0.9,0.710199237
Josh Manson,ANA,50,1,5,6,21.43,2.31,23,35,19,1031.6,0.1,0.34897247
Nick Shore,"TOR, WPG",63,3,3,6,54.55,2.85,16,14,8,193.7,-0.3,1.85854411
Mike Reilly,"MTL, OTT",44,0,6,6,21.43,2.41,14,35,5,195.8,0.6,1.83861077
Adam Larsson,EDM,49,1,5,6,20.69,2.1,25,31,16,971.7,0.1,0.3704847
Colin Miller,BUF,51,0,6,6,25,1.98,14,24,7,873.8,0.1,0.4119936
Adam Pelech,NYI,38,1,5,6,23.08,1.69,14,43,29,803,0.9,0.4483188
Martin Frk,L.A,17,4,2,6,66.67,1.86,2,8,2,235.2,0,1.53061223
Connor Carrick,N.J,29,1,5,6,46.15,0.75,13,12,5,417.9,-0.5,0.861450136
Scott Sabourin,OTT,35,2,4,6,85.71,2.36,23,6,5,245.5,-0.4,1.46639514
Chad Ruhwedel,PIT,41,2,4,6,30,1.25,10,15,7,605.5,0.5,0.594549954
Vladislav Kamenev,COL,38,1,5,6,75,1.99,2,7,17,340,-0.3,1.05882359
Matthew Highmore,CHI,36,2,4,6,54.55,3.14,4,9,14,353.3,0.4,1.018964
Oliver Kylington,CGY,48,1,5,6,30,1.31,12,29,7,657.9,0,0.5471956
Mitchell Stephens,T.B,38,3,3,6,46.15,3.88,8,4,6,409.8,0.3,0.878477335
Filip Chlapik,OTT,31,3,3,6,75,2.17,8,6,8,271.9,0.2,1.32401621
Yakov Trenin,NSH,21,2,4,6,66.67,1.99,2,3,7,204.4,0.5,1.76125252
Zack MacEwen,VAN,17,5,1,6,60,1.8,18,8,4,163.5,0.5,2.201835
Cody Glass,VGK,39,4,2,6,54.55,3.37,4,12,16,521,-0.2,0.6909789
Casey Mittelstadt,BUF,31,3,3,6,54.55,2.03,2,8,6,395.6,-0.1,0.9100101
Morgan Frost,PHI,20,1,5,6,50,2.54,4,4,10,273.7,0.1,1.31530869
Jesperi Kotkaniemi,MTL,36,5,1,6,50,3.06,6,20,14,467.8,-1.1,0.7695597
Rasmus Sandin,TOR,28,1,5,6,40,0.81,6,14,2,400.8,-0.4,0.8982036
Par Lindholm,BOS,40,3,3,6,54.55,2.48,4,13,10,449.8,0.7,0.800355732
Joel Kellman,S.J,31,3,3,6,85.71,2.27,4,8,6,359,0.1,1.00278556
Deryk Engelland,VGK,49,1,4,5,15.63,1.43,21,13,14,860.3,0.4,0.348715574
Trevor Daley,DET,43,0,5,5,31.25,1.41,18,18,5,671.6,-0.4,0.446694463
Frans Nielsen,DET,60,3,2,5,50,4.5,8,12,9,821,-1.3,0.365408033
David Backes,"ANA, BOS",22,0,5,5,62.5,2.46,4,8,5,69.9,0.2,4.29184532
Andrej Sekera,DAL,57,1,4,5,23.81,1.86,12,45,7,1026.1,-0.1,0.292369157
Justin Schultz,PIT,46,3,2,5,16.67,2.53,2,13,5,914.2,-0.3,0.328155756
Dale Weise,MTL,23,1,4,5,62.5,1.14,11,12,8,213.1,0.1,1.40778971
Zac Rinaldo,CGY,19,3,2,5,83.33,1.51,32,5,5,157.1,0,1.90961158
Brian Dumoulin,PIT,28,0,5,5,14.71,1.42,8,12,10,589.5,1.6,0.5089058
Stephen Johns,DAL,17,2,3,5,50,0.84,10,7,5,300.3,0.1,0.999001
Jon Merrill,VGK,49,2,3,5,16.13,1.67,24,23,13,889.5,0.7,0.3372681
Vladimir Tarasenko,STL,10,1,4,5,83.33,1.39,0,4,3,161.8,0.3,1.85414088
Tom Kuhnhackl,NYI,28,3,2,5,71.43,2.24,0,11,4,316.4,-0.7,0.9481669
Micheal Ferland,VAN,14,1,4,5,83.33,0.88,7,1,2,137.1,0,2.18818378
Brett Ritchie,BOS,27,2,3,5,62.5,2.72,21,4,3,280.9,-0.3,1.06799579
Shayne Gostisbehere,PHI,42,2,3,5,23.81,1.8,12,25,7,768.3,-0.5,0.390472472
Brett Kulak,MTL,56,0,5,5,14.29,2.48,12,31,13,959.9,0.9,0.312532544
Joseph Blandisi,PIT,21,2,3,5,71.43,1.03,10,1,6,172.4,0.4,1.74013925
Joakim Ryan,L.A,35,1,4,5,41.67,1.65,6,25,6,670,-0.6,0.4477612
Tim Schaller,"L.A, VAN",53,4,1,5,50,5.04,10,7,11,16,0,18.75
Adam Erne,DET,56,2,3,5,55.56,4.43,12,27,5,661.7,-1.1,0.453377664
Mirco Mueller,N.J,50,2,3,5,21.74,1.55,14,21,6,882.1,-0.9,0.340097517
Mathieu Joseph,T.B,37,4,1,5,41.67,3.29,14,10,15,426.3,0.2,0.7037298
Kevin Stenlund,CBJ,32,3,2,5,41.67,3.47,4,5,5,447.4,0.2,0.6705409
Sami Niku,WPG,17,0,5,5,62.5,0.71,10,11,2,274.7,-0.7,1.09210038
Kevin Rooney,N.J,49,2,3,5,38.46,4.21,11,10,14,574.8,0.3,0.5219207
Joey Anderson,N.J,18,3,2,5,71.43,1.9,2,7,4,237.9,0.4,1.26103413
Libor Hajek,NYR,28,0,5,5,33.33,0.7,12,17,8,447.6,-0.8,0.6702413
Logan Brown,OTT,23,0,5,5,45.45,1.75,4,14,10,270.4,0.6,1.10946751
Patrick Russell,EDM,45,0,5,5,55.56,5.63,8,12,9,511.4,-0.1,0.586625
Matt Luff,L.A,18,1,4,5,71.43,2.19,2,4,4,186.7,0.1,1.606856
Gabriel Vilardi,L.A,10,2,3,5,83.33,1.47,0,0,1,128.5,0.1,2.33463025
Oscar Fantenberg,VAN,36,1,4,5,38.46,1.08,6,9,7,573,-0.6,0.5235602
Noah Dobson,NYI,34,1,4,5,31.25,1.16,6,24,8,451.4,0.5,0.664599061
Karson Kuhlman,BOS,25,0,5,5,83.33,3.52,11,5,2,313.3,-0.1,0.957548738
Juuso Riikola,PIT,36,1,4,5,35.71,1.85,6,13,8,499.9,0.6,0.60012
Jakob Lilja,CBJ,37,2,3,5,41.67,2.41,2,7,9,366.1,0.4,0.819448233
Braydon Coburn,T.B,40,1,3,4,15.38,1.49,12,5,3,561.7,0.3,0.427274346
Roman Polak,DAL,41,0,4,4,30.77,1.75,6,15,4,683.2,-0.8,0.35128805
Bryan Little,WPG,7,1,3,4,80,0.57,2,2,1,113,0.3,2.12389374
Cal Clutterbuck,NYI,37,2,2,4,50,2.34,16,18,10,496.7,0,0.483189046
Colin Wilson,COL,9,0,4,4,57.14,1.03,0,3,1,113.8,0.5,2.108963
Cameron Gaunce,T.B,3,1,3,4,100,0.2,4,0,0,35.6,0.2,6.74157333
Martin Marincin,TOR,26,1,3,4,28.57,1.02,6,21,7,395,-0.1,0.6075949
Jarred Tinordi,NSH,28,1,3,4,23.53,0.65,18,18,1,465.2,-0.3,0.5159071
Tim Heed,S.J,38,1,3,4,40,1.07,2,15,10,494.1,-0.6,0.485731632
Logan Shaw,WPG,35,3,1,4,100,1.61,0,5,1,238.8,0,1.00502515
Markus Granlund,EDM,34,3,1,4,50,2.6,14,7,11,368.2,-0.3,0.651819646
Luke Glendening,DET,60,3,1,4,44.44,6.21,6,12,8,921.3,-0.7,0.260501474
John Hayden,N.J,43,3,1,4,36.36,2.45,15,6,13,417.8,-0.1,0.574437559
Ross Johnston,NYI,32,3,1,4,50,2.59,46,4,2,254.9,0.1,0.9415457
Dakota Mermis,N.J,10,1,3,4,36.36,0.36,2,4,1,192.2,0.5,1.24869931
Brendan Perlini,"CHI, DET",40,1,3,4,80,3.73,6,6,7,7.8,0,30.76923
Dryden Hunt,FLA,21,0,4,4,57.14,2.23,14,4,4,220.3,0,1.08942354
Dean Kukan,CBJ,33,0,4,4,30.77,1.58,12,12,7,527.1,-0.2,0.45532158
Carl Grundstrom,L.A,13,0,4,4,44.44,1.78,8,3,0,165.9,0.4,1.44665468
Josh Mahura,ANA,11,1,3,4,57.14,0.38,2,4,2,178.5,0.1,1.34453785
Riley Stillman,FLA,34,0,4,4,20,1.75,9,17,12,650,-0.4,0.369230777
Morgan Geekie,CAR,2,3,1,4,100,0.3,2,0,0,23.6,0.2,10.1694918
Drake Batherson,OTT,23,2,2,4,57.14,2.28,11,5,4,358,-0.4,0.6703911
Alexander True,S.J,12,0,4,4,66.67,0.81,2,5,2,N/A,N/A,N/A
Barrett Hayton,ARI,20,1,3,4,50,2.42,12,4,8,222.8,-0.1,1.07719922
Ilya Lyubushkin,ARI,51,0,4,4,14.81,1.64,10,20,13,723.8,1,0.331583321
Ville Heinola,WPG,8,1,3,4,50,0.19,4,14,2,144.5,0.3,1.66089964
Brent Seabrook,CHI,32,2,1,3,17.65,1.2,8,24,2,580.8,-0.4,0.309917361
Justin Abdelkader,DET,49,0,3,3,50,2.58,19,15,8,565.1,-0.9,0.3185277
Vladimir Sobotka,BUF,16,1,2,3,33.33,1.4,4,3,1,228.2,0,0.788781762
Niklas Hjalmarsson,ARI,27,1,2,3,30,0.54,10,17,9,506.6,-1.1,0.3553099
Alex Biega,DET,49,0,3,3,18.75,2.02,18,29,2,804.6,-0.4,0.223713651
Korbinian Holzer,"ANA, NSH",49,1,2,3,16.67,1.67,27,26,1,746.3,-1.1,0.241189867
Yannick Weber,NSH,41,1,2,3,15,1.25,10,10,11,574.5,-0.4,0.313315928
Luke Schenn,T.B,25,1,2,3,30,0.88,17,10,3,311.3,-0.9,0.578220367
Mikkel Boedker,OTT,20,1,2,3,60,2.08,0,7,1,194.3,-0.1,0.92640245
Greg Pateryn,MIN,20,0,3,3,25,0.54,6,5,2,309.4,-0.2,0.5817712
Luke Witkowski,T.B,12,1,2,3,100,0.95,13,2,2,105.6,-0.4,1.7045455
John Moore,BOS,24,2,1,3,27.27,1.3,9,6,0,397,-0.1,0.4534005
Andrew Agozzino,"ANA, PIT",22,1,2,3,42.86,0.52,2,4,5,49.6,0.2,3.62903237
Matt Irwin,"ANA, NSH",36,0,3,3,23.08,2.25,11,12,6,202,-0.4,0.8910891
Matt Tennyson,N.J,20,0,3,3,18.75,0.58,6,7,2,242.9,1.2,0.7410457
Phillip Di Giuseppe,NYR,20,1,2,3,37.5,2.15,2,4,3,225.8,0.3,0.797165632
Stefan Matteau,CBJ,9,2,1,3,60,1.62,0,1,2,111.2,0.1,1.618705
Josh Anderson,CBJ,26,1,2,3,30,4.14,10,10,7,417.5,-0.2,0.4311377
Danny DeKeyser,DET,8,0,3,3,50,0.41,4,6,0,N/A,N/A,N/A
Valentin Zykov,VGK,15,0,3,3,60,1.04,2,12,5,182.8,-0.5,0.9846827
Nic Petan,TOR,16,0,3,3,60,1.9,4,2,4,177.9,0.1,1.01180446
Andreas Englund,OTT,24,0,3,3,75,0.28,7,4,4,261.8,-0.7,0.6875478
Christoffer Ehn,DET,54,2,1,3,100,3.02,2,11,3,562.1,-0.6,0.320227742
Dylan Sikura,CHI,9,1,2,3,75,0.76,0,0,2,89.1,0,2.02020216
Jake Evans,MTL,13,2,1,3,75,1.27,0,3,4,134.5,0.1,1.33829
Dennis Gilbert,CHI,21,1,2,3,30,0.28,18,4,2,329.8,-0.5,0.545785367
Aleksi Saarela,FLA,9,2,1,3,75,1.21,0,3,6,110.2,0.1,1.63339388
Mikhail Vorobyev,PHI,20,1,2,3,60,0.81,4,4,5,208.6,-0.6,0.8628955
Rudolfs Balcers,OTT,15,1,2,3,50,2.29,0,4,7,182.1,0.2,0.9884678
Adam Brooks,TOR,7,0,3,3,100,0.4,0,1,2,55,0.2,3.27272725
Julien Gauthier,"CAR, NYR",17,0,3,3,50,1.45,8,6,3,37,0,4.864865
Kieffer Bellows,NYI,8,2,1,3,75,0.89,0,5,2,85.2,0.2,2.11267614
Andrew Peeke,CBJ,22,1,2,3,27.27,1.13,4,8,3,304.8,0.5,0.5905512
Givani Smith,DET,21,2,1,3,100,2.17,9,4,2,203.3,-0.1,0.885391057
Jesper Boqvist,N.J,35,3,0,3,75,2.76,8,10,11,383.2,-1.1,0.4697286
Erik Brannstrom,OTT,31,0,3,3,23.08,0.99,14,19,4,460.1,-0.3,0.3912193
Calle Rosen,"COL, TOR",12,0,3,3,50,0.41,4,7,2,110.6,0,1.62748647
Isac Lundestrom,ANA,15,0,3,3,42.86,0.9,0,1,4,208.7,0.1,0.8624821
Cody Goloubef,"DET, OTT",26,1,1,2,15.38,0.62,6,21,3,30.4,-0.1,3.94736838
Mark Barberio,COL,21,0,2,2,18.18,0.82,16,11,6,296.1,0,0.4052685
Brandon Pirri,VGK,16,0,2,2,100,1.9,8,2,8,201,-0.5,0.5970149
Nick Bjugstad,PIT,13,1,1,2,33.33,1.25,8,5,3,159,0,0.754717
Matthew Peca,"MTL, OTT",14,0,2,2,50,1.18,0,1,0,45.5,-0.1,2.63736272
Scott Wilson,BUF,6,1,1,2,66.67,0.42,0,0,5,69.8,0.3,1.71919763
Fredrik Claesson,N.J,5,1,1,2,50,0.03,0,1,1,72.4,0.3,1.65745854
Tomas Jurco,EDM,12,0,2,2,50,0.83,4,2,6,119.7,0.2,1.00250626
Xavier Ouellet,MTL,12,0,2,2,33.33,0.32,4,3,1,166.7,0.2,0.719856
Charles Hudon,MTL,15,1,1,2,200,1.29,0,2,5,173.1,-0.5,0.6932409
Connor Clifton,BOS,31,2,0,2,11.76,0.91,10,7,12,447.1,0.4,0.268396318
Nathan Walker,STL,5,1,1,2,100,0.49,4,1,0,55.6,-0.2,2.15827346
Joel Hanley,DAL,8,0,2,2,50,0.08,4,5,0,90.8,0.2,1.32158589
Christian Folin,MTL,16,1,1,2,22.22,0.33,6,7,1,230.9,0.3,0.519705534
Jacob Middleton,S.J,10,0,2,2,66.67,0.24,7,1,1,107.7,-0.1,1.11420619
Joe Hicketts,DET,6,0,2,2,66.67,0.09,2,2,2,109.7,-0.1,1.09389246
Nicholas Merkley,N.J,4,1,1,2,100,0.64,2,2,2,45.5,0.1,2.63736272
Jeremy Lauzon,BOS,19,1,1,2,22.22,1.03,24,6,2,293,-0.2,0.4095563
Zach Senyshyn,BOS,4,0,2,2,100,0.14,0,1,1,33.7,0.1,3.56083083
Austin Czarnik,CGY,8,1,1,2,100,0.28,0,2,6,81.5,0.1,1.47239268
Christian Jaros,OTT,13,0,2,2,50,0.23,6,5,0,136.7,0.1,0.8778347
Rasmus Asplund,BUF,29,1,1,2,28.57,1.72,4,6,3,314.2,-0.2,0.381922334
Nick Caamano,DAL,12,1,1,2,50,1.04,2,2,1,119.6,0.1,1.00334454
Connor Bunnaman,PHI,21,1,1,2,20,1.09,2,4,1,194.9,0.6,0.615700364
Noah Gregor,S.J,28,2,0,2,18.18,3.05,8,7,6,281.6,0,0.426136345
Michael McLeod,N.J,12,0,2,2,33.33,0.76,2,0,4,122.8,0.4,0.97719866
Gerald Mayhew,MIN,13,2,0,2,25,1.34,2,2,4,150.1,0.2,0.799466968
Ryan Poehling,MTL,27,1,1,2,50,2.33,4,8,7,279.2,-0.7,0.4297994
Adam Johnson,PIT,7,1,1,2,66.67,0.54,2,1,1,46.9,0.2,2.55863523
Martin Kaut,COL,9,1,1,2,66.67,0.91,2,0,2,91.2,0.1,1.31578946
Joel Persson,EDM,13,0,2,2,28.57,0.43,2,8,2,199.1,0,0.6027122
Logan O'Connor,COL,16,2,0,2,40,1.56,2,0,5,134.9,0.2,0.8895478
Taro Hirose,DET,26,2,0,2,66.67,1.46,6,15,6,326.4,-0.6,0.367647052
Nico Sturm,MIN,6,0,2,2,66.67,0.15,0,0,1,71.4,0.3,1.68067229
Andrew Ladd,NYI,4,1,0,1,50,0.4,0,1,0,47.9,0.1,1.25260961
Troy Brouwer,STL,13,1,0,1,25,1.11,5,2,1,123.1,-0.2,0.4874086
Chris Stewart,PHI,16,0,1,1,33.33,0.59,4,1,3,124.5,-0.7,0.481927723
Micheal Haley,NYR,22,1,0,1,100,1.05,21,5,1,121.6,-0.4,0.493421048
Aaron Ness,ARI,24,0,1,1,7.69,0.4,0,7,1,300.8,0.7,0.199468091
Brian Lashoff,DET,9,0,1,1,50,0.16,6,2,0,131,-0.3,0.458015263
Brandon Manning,EDM,9,1,0,1,100,0.29,0,8,1,99.4,-0.2,0.6036217
Derek Forbort,"CGY, L.A",20,0,1,1,20,0.68,2,13,1,124.2,0,0.4830918
Jani Hakanpaa,ANA,5,1,0,1,50,0.22,2,0,0,90.6,0.1,0.662251651
Sam Carrick,ANA,9,0,1,1,33.33,0.89,0,5,1,123.9,0.1,0.484261483
Ben Street,N.J,3,0,1,1,100,0.17,0,0,0,24.4,0,2.45901632
Cory Conacher,T.B,4,0,1,1,100,0.53,2,1,5,44.4,-0.1,1.35135126
Nick Seeler,"CHI, MIN",12,0,1,1,50,0.32,10,7,1,81.2,-0.4,0.7389163
T.J. Tynan,COL,16,0,1,1,50,0.46,2,0,5,N/A,N/A,N/A
Andy Andreoff,PHI,14,0,1,1,33.33,1.15,2,0,1,119.5,-0.3,0.502092063
Alan Quine,CGY,9,1,0,1,100,1.03,4,1,2,88.2,-0.3,0.680272162
Miikka Salomaki,NSH,5,1,0,1,50,0.11,2,3,1,60.7,0.1,0.9884679
Pontus Aberg,TOR,5,0,1,1,100,0.2,0,2,1,43.5,0,1.37931037
Brendan Gaunce,BOS,1,0,1,1,100,0.08,2,0,0,9.2,0,6.52173948
Gemel Smith,T.B,3,1,0,1,100,0.28,4,0,1,27.5,0,2.18181825
Paul LaDue,L.A,2,0,1,1,inf,0.03,0,1,1,N/A,N/A,N/A
Christian Djoos,"ANA, WSH",11,0,1,1,16.67,0.22,0,5,2,192.3,0.3,0.312012464
Buddy Robinson,CGY,5,1,0,1,100,0.73,7,1,2,61.2,-0.2,0.980392158
Jonny Brodzinski,S.J,3,0,1,1,50,0.49,0,0,0,22.2,0.1,2.70270252
Peter Cehlarik,BOS,3,0,1,1,100,0.04,2,1,3,33.8,0,1.77514791
Carl Dahlstrom,WPG,15,0,1,1,33.33,0.34,6,13,4,221.5,-0.3,0.270880371
Colby Cave,EDM,11,1,0,1,100,0.43,4,1,2,106.1,0,0.565504253
Patrick Brown,VGK,1,1,0,1,100,0.38,0,1,0,10.1,0,5.94059372
Daniel Carr,NSH,11,1,0,1,25,0.91,4,1,8,113.7,-0.1,0.5277045
Ryan MacInnis,CBJ,10,0,1,1,50,0.85,0,2,3,93.5,0.1,0.641711235
Maxim Letunov,S.J,3,1,0,1,100,0.46,0,1,2,27.2,0.1,2.20588231
Mark Friedman,PHI,6,0,1,1,50,0.03,2,0,1,81.5,-0.2,0.736196339
Clark Bishop,CAR,5,0,1,1,100,0.39,4,1,1,38.2,-0.1,1.57068062
Anton Lindholm,COL,4,0,1,1,33.33,0.02,0,0,0,47.1,0.2,1.27388537
Anthony Angello,PIT,8,1,0,1,50,0.27,2,0,1,45.8,0,1.31004369
Cole Bardreau,NYI,10,0,1,1,100,0.88,4,4,4,88.7,-0.3,0.676437438
David Kase,PHI,6,1,0,1,50,0.4,0,1,2,58.7,0,1.02214646
Daniel Sprong,ANA,8,0,1,1,25,0.79,0,0,1,112.8,0.2,0.5319149
Kyle Capobianco,ARI,9,1,0,1,25,0.28,2,4,1,132.9,0,0.451467276
J.C. Beaudin,OTT,22,0,1,1,20,1.29,7,2,1,189.8,-0.3,0.316122234
Lukas Vejdemo,MTL,7,1,0,1,50,0.75,0,2,2,56.1,0,1.0695188
Niko Mikkola,STL,5,0,1,1,25,0.14,0,1,0,71.8,0.2,0.835654557
Mason Marchment,TOR,4,0,1,1,100,0.43,0,1,1,32.3,0,1.85758519
Tyler Benson,EDM,7,0,1,1,50,0.39,0,3,2,72,0,0.8333333
Carsen Twarynski,PHI,15,1,0,1,50,0.66,4,0,6,160.2,-0.5,0.374531835
Tim Gettinger,NYR,2,0,1,1,100,0.43,0,0,0,N/A,N/A,N/A
Dennis Cholowski,DET,36,0,1,1,7.69,1.31,6,17,3,692,-0.5,0.0867052
Vitaly Abramov,OTT,2,1,0,1,100,0.14,2,1,0,11.6,0,5.172414
Egor Korshkov,TOR,1,1,0,1,100,0.02,0,0,1,10.1,0,5.94059372
Lucas Carlsson,CHI,6,0,1,1,16.67,0.28,0,0,1,84.8,0.4,0.7075471
Mathieu Olivier,NSH,8,0,1,1,50,0.42,4,3,0,60.4,-0.1,0.993377447
Gage Quinney,VGK,3,0,1,1,50,0.43,0,0,0,29.1,0,2.06185555
Cale Fleury,MTL,41,1,0,1,6.67,1.32,4,30,4,588.4,-0.6,0.101971447
Mikey Anderson,L.A,6,1,0,1,20,0.19,0,2,0,108.9,0.1,0.5509642
Klim Kostin,STL,4,1,0,1,100,0.53,0,1,0,34.1,0,1.7595309
Jack Studnicka,BOS,2,0,1,1,50,0.29,2,3,0,24.2,0.1,2.47933865
Timothy Liljegren,TOR,11,0,1,1,33.33,0.1,2,6,0,113.2,-0.3,0.5300354
Lias Andersson,NYR,17,0,1,1,50,0.69,4,3,7,162.2,-0.3,0.3699137
Eetu Luostarinen,CAR,8,0,1,1,100,0.55,0,1,2,79.8,0,0.7518797
Alexander Volkov,T.B,9,0,1,1,100,0.54,6,2,4,N/A,N/A,N/A
Jonathan Davidsson,OTT,6,0,1,1,100,0.14,0,0,0,33.1,0.1,1.812689
Zach Whitecloud,VGK,16,0,1,1,12.5,0.48,4,1,7,229,0.5,0.262008727
Kiefer Sherwood,ANA,10,0,1,1,50,1.28,4,6,4,133.3,-0.6,0.450112522
Joel L'Esperance,DAL,3,1,0,1,100,0.2,2,0,1,22,0,2.72727275
Martin Fehervary,WSH,6,0,1,1,16.67,0.14,4,2,2,95.8,0,0.6263048
Liam Foudy,CBJ,2,0,1,1,100,0.15,0,0,1,28.4,0.1,2.11267614
Jordan Gross,ARI,2,0,1,1,33.33,0.03,0,2,1,32.4,0.1,1.85185182
David Gustafsson,WPG,22,1,0,1,50,0.32,0,1,0,135.1,-0.2,0.44411546
Lean Bergmann,S.J,12,0,1,1,100,0.59,2,0,3,99.2,-0.4,0.6048387
Joel Kiviranta,DAL,11,1,0,1,100,1.33,4,3,5,117.1,-0.2,0.512382567
Jonathan Ericsson,DET,18,0,0,0,0,0.45,4,18,0,256.4,-0.7,0
Mark Letestu,WPG,7,0,0,0,0,0.42,0,1,0,74.2,0,0
Karl Alzner,MTL,4,0,0,0,0,0.02,0,1,0,55.6,0,0
Steven Kampfer,BOS,10,0,0,0,0,0.33,2,1,4,136.3,0.3,0
Paul Carey,BOS,1,0,0,0,-,0,0,0,0,6.4,0,0
Dalton Prout,S.J,2,0,0,0,0,0.02,5,0,2,25.6,0,0
Jordan Szwarz,OTT,3,0,0,0,-,0.34,2,0,0,14.8,0,0
Kevin Connauton,COL,4,0,0,0,-,0.38,0,0,0,62,-0.1,0
Gabriel Dumont,MIN,3,0,0,0,-,0.44,0,0,1,34.5,0,0
Dalton Smith,BUF,1,0,0,0,0,0,0,0,0,1.4,0,0
Dylan McIlrath,DET,16,0,0,0,0,0.47,19,6,4,237.1,-1,0
Michael Chaput,ARI,2,0,0,0,-,0.11,2,1,0,20,0,0
Kevin Gravel,TOR,3,0,0,0,-,0.02,0,1,0,33.3,0,0
Brandon Davidson,"CGY, S.J",12,0,0,0,0,0.77,0,9,3,85.9,0,0
Zach Trotman,PIT,8,0,0,0,0,0.2,4,6,0,117.7,-0.2,0
Michael Sgarbossa,WSH,2,0,0,0,-,0.14,0,1,2,16.2,0,0
Brian Gibbons,CAR,15,0,0,0,0,0.66,4,7,8,146.4,-0.7,0
Tyler Graovac,VAN,8,0,0,0,-,0.43,0,2,1,50.1,-0.1,0
Steven Fogarty,NYR,7,0,0,0,-,0.16,0,2,2,41.1,0,0
Sven Baertschi,VAN,6,0,0,0,-,1.05,4,1,1,70.9,-0.1,0
Derrick Pouliot,STL,2,0,0,0,-,0.01,2,1,0,16.7,0,0
Boo Nieves,NYR,4,0,0,0,0,0.13,4,0,1,30.1,0,0
Trevor Carrick,S.J,3,0,0,0,-,0.03,0,2,0,17.4,0,0
Thomas Di Pauli,PIT,2,0,0,0,-,0.07,10,0,0,12,0,0
Jake Bischoff,VGK,4,0,0,0,0,0.11,2,1,0,62.4,0,0
Riley Barber,MTL,9,0,0,0,-,0.62,2,2,0,74.3,-0.2,0
Ashton Sautner,VAN,1,0,0,0,-,0,0,0,0,2.8,0,0
Jayson Megna,COL,8,0,0,0,0,0.16,2,1,0,53.7,-0.1,0
Anton Blidh,BOS,7,0,0,0,0,0.42,0,1,1,80.6,0,0
John Gilmour,BUF,4,0,0,0,-,0.3,0,2,0,68.2,-0.2,0
Tyler Lewington,WSH,6,0,0,0,0,0.02,2,3,1,61,-0.1,0
Luke Johnson,MIN,3,0,0,0,-,0.03,0,0,0,34.8,-0.1,0
Marko Dano,CBJ,3,0,0,0,-,0.17,2,1,1,21.5,0,0
Steven Santini,NSH,2,0,0,0,0,0.01,2,0,0,19.1,0,0
Gustav Olofsson,MTL,3,0,0,0,-,0.07,2,1,0,24.3,-0.1,0
Justin Bailey,VAN,2,0,0,0,-,0.03,0,1,0,10.7,0,0
Samuel Morin,PHI,1,0,0,0,-,0,0,2,1,12.5,-0.1,0
Jean-Sebastien Dea,BUF,3,0,0,0,-,0.01,0,0,0,22.9,0,0
Nikolay Goldobin,VAN,1,0,0,0,-,0,0,0,0,8.6,0,0
John Quenneville,CHI,9,0,0,0,0,1.05,0,5,2,99.4,0,0
Josh Jacobs,N.J,2,0,0,0,0,0.12,2,0,1,33.2,0,0
Jake Walman,STL,1,0,0,0,0,0.02,0,0,0,11.1,0,0
William Lagesson,EDM,8,0,0,0,0,0.26,0,5,0,94.9,-0.1,0
Chase De Leo,ANA,1,0,0,0,-,0.06,0,0,0,15,0,0
Austin Poganski,STL,1,0,0,0,-,0,0,0,0,5.9,0,0
CJ Suess,WPG,1,0,0,0,-,0.04,0,0,0,N/A,N/A,N/A
Anthony Richard,NSH,1,0,0,0,-,0.09,0,0,0,4.2,0,0
Evgeny Svechnikov,DET,4,0,0,0,-,0.81,0,3,0,33.3,-0.1,0
Keegan Kolesar,VGK,1,0,0,0,-,0.04,0,0,0,12.1,0,0
Gabriel Carlsson,CBJ,6,0,0,0,0,0.07,2,3,0,65.3,-0.1,0
Colton White,N.J,6,0,0,0,0,0.05,2,5,2,83.9,-0.2,0
Christian Wolanin,OTT,3,0,0,0,0,0.17,0,2,0,53,0,0
Alexandre Carrier,NSH,3,0,0,0,0,0.07,2,0,0,N/A,N/A,N/A
Brett Seney,N.J,2,0,0,0,-,0.14,0,3,1,19.9,0,0
Cameron Hughes,BOS,1,0,0,0,-,0.01,0,0,0,9.9,0,0
Kole Sherwood,CBJ,3,0,0,0,-,0.36,0,0,2,19.9,0,0
Maxime Lajoie,OTT,6,0,0,0,0,0.05,0,0,0,46.9,0.3,0
Kale Clague,L.A,4,0,0,0,0,0.03,0,1,0,58.2,-0.3,0
Beck Malenstyn,WSH,3,0,0,0,-,0.3,0,0,1,27.8,0,0
Trent Frederic,BOS,2,0,0,0,-,0.01,0,0,0,12.8,0,0
Henrik Borgstrom,FLA,4,0,0,0,-,0.18,2,1,3,49.5,-0.1,0
Tage Thompson,BUF,1,0,0,0,-,0.08,0,0,1,7,0,0
German Rubtsov,PHI,4,0,0,0,-,0.09,0,1,1,27.2,0,0
Janne Kuokkanen,N.J,1,0,0,0,-,0,0,1,0,12.1,0,0
Otto Koivula,NYI,12,0,0,0,0,0.2,2,3,2,94.9,-0.3,0
Brandon Hagel,CHI,1,0,0,0,0,0.24,0,0,1,11.8,0.1,0
Calvin Thurkauf,CBJ,3,0,0,0,-,0.06,0,0,0,24.8,0,0
Joachim Blichfeld,S.J,3,0,0,0,-,0.21,2,0,2,38.3,-0.1,0
Rhett Gardner,DAL,8,0,0,0,0,0.22,2,3,1,81.1,-0.1,0
Brennan Menell,MIN,5,0,0,0,0,0.06,2,0,2,70,0.3,0
Conor Timmins,COL,2,0,0,0,0,0.05,0,0,1,20.8,0,0
Jaret Anderson-Dolan,L.A,4,0,0,0,-,0.06,0,2,0,41,-0.2,0
Urho Vaakanainen,BOS,5,0,0,0,0,0.08,0,3,1,84.3,-0.1,0
Jason Robertson,DAL,3,0,0,0,0,0.13,0,0,1,37,0.1,0
Josh Norris,OTT,3,0,0,0,0,0.29,0,0,1,53.8,-0.2,0
Gustav Lindstrom,DET,16,0,0,0,0,0.26,14,6,3,264.6,-0.9,0
Max Veronneau,OTT,4,0,0,0,-,0.14,0,1,0,33.7,0,0
Sheldon Dries,COL,5,0,0,0,-,0.14,0,1,0,34.3,-0.1,0
Lukas Radil,S.J,14,0,0,0,0,0.67,4,4,4,130.2,-0.2,0
Oliver Wahlstrom,NYI,9,0,0,0,0,0.67,4,4,1,92.6,0,0
Nicolas Beaudin,CHI,1,0,0,0,0,0.13,0,1,0,17,0,0
Lawrence Pilut,BUF,13,0,0,0,0,0.26,4,4,2,211.1,-0.1,0
Otto Leskinen,MTL,5,0,0,0,0,0.03,0,5,1,51.5,0.1,0
Danil Yurtaykin,S.J,4,0,0,0,0,0.19,0,0,2,52,-0.2,0
Tobias Bjornfot,L.A,3,0,0,0,-,0,0,0,0,38.9,-0.1,0
Alexander Yelesin,CGY,4,0,0,0,0,0.05,0,2,0,N/A,N/A,N/A
Anton Wedin,CHI,4,0,0,0,0,0.16,4,0,1,36.3,0,0
Andrei Chibisov,WPG,2,0,0,0,-,0.11,0,0,0,14.9,0,0
Joona Luoto,WPG,16,0,0,0,-,0.54,2,5,3,105.4,-0.4,0
Nikolai Knyzhov,S.J,3,0,0,0,-,0.01,2,2,1,32.5,0,0
